painel_id,identification,painel_status,model,location_id,package_type_id
1,abe1dee3-ecbe-4a7e-97bc-d0d328ac9561,BRKE,Fusion-400,1,1
2,19251211-9c4e-4f16-ad51-2f5818dc1d0a,ON,X-1000,2,2
3,c2a62d7d-1b0b-48c3-92ea-b9e2df3ee721,OFF,Maxi-700,3,3
4,56806743-9c10-452e-ba48-7f9158536489,FXNG,Tech-900,4,4
5,eca9045a-be6a-41e3-849b-1a177f386ae3,OFF,Neo-3000,5,5
6,f06e65d4-e9c8-4bb7-b025-eadfcdf709fb,FXNG,Elite-600,6,6
7,52ffb339-a0f7-4f78-9f7a-11c7562bf008,FXNG,Tech-900,7,7
8,4b0d4f14-cb17-4d2f-a7e9-e234e501c0b5,BRKE,Zeta-800,8,8
9,d0e68eed-9027-4efe-bc38-50f67d73d860,BRKE,X-1000,9,9
10,41531a02-2bdc-4d44-8d59-887f212031c3,OFF,Power-100,10,10
11,1b47f49a-bec5-4c4f-8cae-c395fd5de8b7,BRKE,Tech-900,11,11
12,c4b916de-7d71-4145-87b8-007d0ad712a0,ON,X-1000,12,12
13,08d99914-0eda-4f59-8384-b556f00f8339,BRKE,Zeta-800,13,13
14,cfff2d65-f6d6-470a-a97f-950de8a8e699,BRKE,Maxi-700,14,14
15,6d3d41d6-8d81-48b5-88c4-74f6c733811c,ON,Zeta-800,15,15
16,19d9d97a-e4d5-434f-954a-b144515be643,FXNG,Omega-500,16,16
17,ba845159-039c-4454-b173-43cd69a1c5d2,ON,Neo-3000,17,17
18,832d823c-ce1d-4849-aa7a-ebefdc4ff418,ON,Zeta-800,18,18
19,44e3cc7f-b827-4138-9607-6a79dc445151,OFF,Zeta-800,19,19
20,0671cb3f-ac75-40c3-b036-3cdaceddcdbe,BRKE,Neo-3000,20,20
21,992cdeeb-ffbb-44dd-8ed6-30035258e90b,ON,Fusion-400,21,21
22,a372827c-c792-4b21-93dd-e229f0424090,BRKE,Elite-600,22,22
23,796e673a-1139-4421-8674-178c8af1c71b,OFF,Omega-500,23,23
24,bb4cd62d-4e21-435e-893c-9588a1cb224d,ON,Elite-600,24,24
25,c5db1e97-9a9f-4b37-aede-4b6901fab7bf,BRKE,Alpha-200,25,25
26,4c74e75c-9b9e-4656-80fc-96d03486b808,FXNG,Fusion-400,26,26
27,6a4757f7-9dc4-49ce-b49a-a73ca2c3f0b4,FXNG,Omega-500,27,27
28,b3e8692c-5179-4416-98f6-c4a4fe322ab5,BRKE,Neo-3000,28,28
29,5ea71531-133b-42ff-a8ab-704bb72e6108,FXNG,Fusion-400,29,29
30,f1194f14-1463-4025-b54b-500fd99db49e,BRKE,Neo-3000,30,30
31,72d5acc5-90af-487d-8af5-1f7d718728df,BRKE,Fusion-400,31,31
32,365efe3f-5331-4d0e-ad44-b3636015bba6,OFF,Neo-3000,32,32
33,883bf1b9-dd82-4400-96e6-d4c4ba4ed72f,BRKE,Zeta-800,33,33
34,b5e0b2b1-efa6-4d49-b584-f4625d3c55cf,FXNG,X-1000,34,34
35,f7bdfc0b-6a0a-45ac-b2e3-10dfcfcc95c1,FXNG,Elite-600,35,35
36,ec026366-79d2-4402-8c7b-941a029d1de1,BRKE,Fusion-400,36,36
37,83af7040-f8c1-43d0-b63a-c56941653c33,BRKE,Omega-500,37,37
38,7a3b217a-2687-4e66-ad3b-0eb7e096a37e,FXNG,X-1000,38,38
39,f61377d9-7ae8-49dc-b5cf-156ca2151fe1,OFF,Omega-500,39,39
40,b46d7991-9763-4619-9994-0dd598b526bd,ON,Tech-900,40,40
41,5a9869c3-bf34-4d68-acca-90d452b76e08,FXNG,Omega-500,41,41
42,4b557b15-5c13-4804-8448-9a5d22ee8094,OFF,Elite-600,42,42
43,7bb5d2a6-46d3-4f60-89e5-f03ce64fb6b6,OFF,Power-100,43,43
44,8c982d64-93e9-4adf-bb07-36aae32f4a82,OFF,Power-100,44,44
45,5e7c4c93-4b5d-41c6-83c2-085ca0870569,OFF,Zeta-800,45,45
46,820f3a75-ac0e-40ec-8e4b-f52259f26051,FXNG,Tech-900,46,46
47,b755016f-0c17-4178-b621-853d82c2c7a7,FXNG,Tech-900,47,47
48,eeb24c76-6d56-4353-b7d1-76a82d5f7978,ON,Elite-600,48,48
49,c5073fc3-2bed-4d35-8012-005cafa64c5b,FXNG,Elite-600,49,49
50,e9e6a4b9-a6ff-4b17-814f-9003716dbbce,BRKE,X-1000,50,50
51,62ad908e-7f22-4142-b586-15127b54051d,FXNG,Elite-600,51,51
52,6c659bb5-4aee-4328-a5a0-d1c451bb2ef7,FXNG,Power-100,52,52
53,058f35bf-fcad-4a7a-9647-068706c26330,BRKE,Neo-3000,53,53
54,2bf35698-9f97-4457-af91-5dcf6d64ced0,OFF,Omega-500,54,54
55,10a14c43-1a70-4953-9ef2-d7212c50645d,OFF,Fusion-400,55,55
56,548f7b33-9ad8-48d2-8d50-7353080e0f00,BRKE,Fusion-400,56,56
57,1d383e46-8f7b-4c6e-a5eb-2f38d6a09d69,FXNG,Neo-3000,57,57
58,fd4c6931-49f6-4541-93b5-beaacd7f441f,BRKE,Elite-600,58,58
59,2b6c95cb-669b-4443-89d7-6412162bac48,ON,Alpha-200,59,59
60,193c4d75-047f-41dd-9569-d5e802d86d5b,ON,X-1000,60,60
61,35781f79-f723-4a40-ad04-2fe52b5eb0b5,BRKE,Power-100,61,61
62,cc05d29b-ab1f-42c4-9820-12d9ecd79b12,OFF,Omega-500,62,62
63,027e1c89-d2e8-48ef-a1a9-0c0c39cac1a5,OFF,X-1000,63,63
64,e591ecec-add7-4c54-8890-36be2cb2b545,ON,Maxi-700,64,64
65,971d0d7d-2e1c-4ea9-a0da-b2578dafb295,OFF,Fusion-400,65,65
66,8d35e593-e915-40f8-9711-5289d262acc2,OFF,Neo-3000,66,66
67,0d5471dd-2691-42d9-8bad-8fe6f3de4897,OFF,Alpha-200,67,67
68,4403c90f-6907-4ca4-8f44-9871a138dfe0,BRKE,Elite-600,68,68
69,69f40a38-1507-48fc-b61d-c52e25d5df9f,OFF,Omega-500,69,69
70,2ad0d07a-56e6-445b-b43e-a496a6ef8588,OFF,Tech-900,70,70
71,2c471dab-7270-4958-9499-b92d66094d39,BRKE,Fusion-400,71,71
72,b2dd005b-858e-4c1a-97ec-a847ebf6fe61,ON,Elite-600,72,72
73,6ab45f7a-23d9-41dd-8ba7-4b05e1a03549,FXNG,Power-100,73,73
74,2d8cb11c-3f33-455f-8191-a8e6315036a5,ON,Power-100,74,74
75,37949215-0437-4583-8354-a5a1783bd730,BRKE,Omega-500,75,75
76,9d350db0-d3b1-469b-81c1-4b2e7de9956a,ON,Omega-500,76,76
77,22d44edd-3231-469f-8651-8e06b89730f1,FXNG,Fusion-400,77,77
78,e41fdd47-1dcb-450d-b6f2-4af2247ac8e8,ON,X-1000,78,78
79,e4fbc796-0f3e-415c-b4d8-27d0c610021b,FXNG,Alpha-200,79,79
80,9feb7ab4-a41e-447d-80ec-dd0c279c6131,OFF,Zeta-800,80,80
81,4b478be2-806e-4579-bfe1-e22ebd9e1aa3,FXNG,Power-100,81,81
82,7393b4ae-4a57-4679-a6ba-f39e92620f79,FXNG,Omega-500,82,82
83,0666cb7c-9500-4b9a-ba31-e5807331d4f9,ON,Elite-600,83,83
84,39fc699f-65c6-4032-8b53-9787f446750c,ON,Maxi-700,84,84
85,e68bc847-0087-4a2d-b120-b2fd14b39fc5,OFF,Fusion-400,85,85
86,8a3b8bbf-b812-46b2-b02b-3e236ded3d30,ON,Zeta-800,86,86
87,a609042d-2a2e-4d3c-8b8c-24836d7f87ec,BRKE,Zeta-800,87,87
88,637d5782-c6ba-4e62-b23b-3a80b75501af,OFF,X-1000,88,88
89,94184e78-5033-4abd-9d5e-ee64e2b3672f,ON,Maxi-700,89,89
90,41631b60-62d6-4085-a74e-da007f95e5b1,OFF,Maxi-700,90,90
91,ede306a6-c2ce-4725-851c-53fbf948a080,BRKE,X-1000,91,91
92,7fccaa72-cc15-4173-add7-fa6e6fc1c898,FXNG,X-1000,92,92
93,7d4311c7-c043-4201-b15c-b637fa03dfcd,OFF,Fusion-400,93,93
94,85008f93-55de-4e0e-9606-f430c2f5fb71,FXNG,Power-100,94,94
95,6acf569d-3dc8-4736-a6a4-4150a1d3f425,FXNG,Tech-900,95,95
96,40c91084-1a1d-4190-b455-3267810a491e,ON,Tech-900,96,96
97,84aa7baf-2a71-4dfa-bd8c-6a31888a44c3,FXNG,Fusion-400,97,97
98,79de40ca-a8cf-435b-9bec-39f41d57b802,BRKE,Power-100,98,98
99,da93b9a3-df9f-446b-a85d-e3ce639b1c31,BRKE,Power-100,99,99
100,5a737829-8f3c-4d20-a2c5-95e3e294a29c,BRKE,Tech-900,100,100
101,61e043ba-bb8a-429e-a19e-c053e8b6995b,OFF,X-1000,101,101
102,c2989bad-d802-4eff-a97c-5f3133be21db,ON,Alpha-200,102,102
103,2cad3d16-6e32-4c6c-a821-276ed909d1f7,OFF,Tech-900,103,103
104,015d30c1-f95e-4076-bcd1-3fed940e7ef9,OFF,Elite-600,104,104
105,8e7ac8af-0d78-4bba-9ce3-507b8bbd5cb3,OFF,Alpha-200,105,105
106,8eee0247-6934-4c71-a727-130f56ac93f9,FXNG,Tech-900,106,106
107,a1a50ffe-aeef-42c2-ae8d-794b2767ca79,FXNG,Maxi-700,107,107
108,a1793f37-5354-433c-8496-6e5d00128c5d,BRKE,Alpha-200,108,108
109,38868e6a-88ca-4678-b672-1626000b0ed6,ON,Zeta-800,109,109
110,8dbe14a2-06ea-4e6f-82f2-2722e172ea4e,OFF,Alpha-200,110,110
111,cb395a2c-56b6-4e05-9259-46afd49b4efc,FXNG,Tech-900,111,111
112,c7a13d6e-5dce-4652-8577-03b71e70a016,ON,Tech-900,112,112
113,880af9cc-49c4-4a91-9194-732dc90b9cec,BRKE,Omega-500,113,113
114,d4d57aaa-8cc2-451f-9b4c-7fd084de6b40,FXNG,Power-100,114,114
115,c3fff0f8-5611-4e2b-983b-bdb3a22e80ec,OFF,Zeta-800,115,115
116,b240938b-5419-4b89-9dcd-b521c969f572,OFF,Neo-3000,116,116
117,eec8558a-294b-4fe6-a9c7-57cb170cd7ce,ON,Omega-500,117,117
118,9cd52ebc-e453-40f4-a5fd-a41e2f4aad2a,OFF,X-1000,118,118
119,07562b76-e47e-4f6c-8931-b2a653020ef0,FXNG,Fusion-400,119,119
120,5402c173-55ca-4e51-933f-7f6396667a25,ON,Omega-500,120,120
121,5ac69e39-6ea5-4611-aa08-21514f794476,ON,Power-100,121,121
122,a51cdf58-7ee6-4a8b-b9d7-09739a1755f3,BRKE,Neo-3000,122,122
123,875c7d22-00d0-43c9-9859-8c143181874c,OFF,Alpha-200,123,123
124,896f2a92-a74a-4814-835b-0fb3156f6db5,ON,Zeta-800,124,124
125,85441be2-4ceb-4d7e-9e94-89b58f59f766,ON,Maxi-700,125,125
126,c6f8ee27-89c3-4447-be56-2e6454c9355e,BRKE,Maxi-700,126,126
127,0f93ae19-132a-4472-a6ea-0065314ed35a,FXNG,Zeta-800,127,127
128,9c9471f6-3a79-457b-84a8-adc1dd316531,FXNG,Power-100,128,128
129,20b33761-5560-4aa1-992e-cdffa89679fa,ON,Fusion-400,129,129
130,01115fb5-ba2d-4191-9d75-6caff33c1410,ON,Omega-500,130,130
131,7b7e5ea8-141c-4a37-b428-c87109e0d9de,FXNG,Elite-600,131,131
132,8c90246b-deaa-4830-9e62-94adfdba64ab,BRKE,Tech-900,132,132
133,d2795251-e679-47d5-ad3a-67ad035df49a,BRKE,Power-100,133,133
134,566723c5-aedc-4dc0-aed1-00ca85d56c16,OFF,Power-100,134,134
135,f2230c4f-0b82-4565-98ec-805b98e519a4,OFF,Elite-600,135,135
136,8a0f7db2-1e98-4ec5-8021-ac4c811764ba,ON,Maxi-700,136,136
137,a1802e10-ad7b-4a2e-b16e-1f76e09e5493,ON,Fusion-400,137,137
138,eb62affe-3546-422d-9057-2980645199b5,OFF,Tech-900,138,138
139,25d007cb-8ce4-4492-98ec-b2467e750ec5,ON,Neo-3000,139,139
140,7f7d5791-79c6-4f66-9455-b773bfe6bc38,FXNG,Tech-900,140,140
141,8611e7cd-fa50-48d9-9ef6-326afad8df1d,BRKE,Power-100,141,141
142,9c9a0688-e905-480b-8149-ac9ebb20d2a7,ON,Omega-500,142,142
143,03e3370e-4d95-4c4c-a002-c1aadefbef62,BRKE,Zeta-800,143,143
144,b1cc8a34-7d4a-466c-b4d7-2c7ab28dd18d,ON,Maxi-700,144,144
145,b5063680-910f-4bef-bb30-1b100806b3c2,FXNG,Fusion-400,145,145
146,ab96941f-b4b9-415d-a1b9-2dc3fcc0587b,BRKE,Neo-3000,146,146
147,8841cbbf-9322-4b16-99bb-b0b1df6f2330,OFF,Neo-3000,147,147
148,b77fc92b-1d48-461d-b284-6ae56d1f4bb6,BRKE,Maxi-700,148,148
149,ac86e439-2915-44fa-aab0-fabbb48692cd,OFF,Power-100,149,149
150,c69ac121-72fa-4c4a-96b2-0b7104ea4608,BRKE,Zeta-800,150,150
151,e3638daf-03ae-4d58-9f28-d9d0a27608cb,ON,Tech-900,151,151
152,d0b6bec7-dc06-4f70-96a0-a0db648c4c92,OFF,Neo-3000,152,152
153,119b19a3-6657-4fcc-96da-8b07f3742a0d,ON,Omega-500,153,153
154,b7b88c28-262c-4283-9f17-40bac8fbec05,OFF,Power-100,154,154
155,f577af7d-2280-4dcf-9136-a7544e7803e7,OFF,Maxi-700,155,155
156,fbd38893-27db-4a35-96da-d67bcd931c9d,ON,X-1000,156,156
157,fd878a31-7601-4dab-aa28-3cf7e6f7a975,BRKE,Omega-500,157,157
158,9f988221-b4d3-4eee-9dc7-7f742bbcc1d8,FXNG,Elite-600,158,158
159,559d75a4-b8f0-4be0-9141-bd054cd523b3,FXNG,Fusion-400,159,159
160,77222f4d-c3a6-4b97-9168-d9f9f43b2cd4,ON,Elite-600,160,160
161,2c317f42-c1c0-47f0-8751-2743d639c766,OFF,Omega-500,161,161
162,e81c59f8-4720-4b2c-afe3-b2fbc2768f54,FXNG,Neo-3000,162,162
163,91549364-938c-4b8f-87b2-cef37ca7ca2c,ON,Neo-3000,163,163
164,956b1233-741f-4b16-948f-c5e96788b81d,BRKE,Power-100,164,164
165,b98a13ab-32e0-4d6d-8fc0-2857a854953e,OFF,Elite-600,165,165
166,1f671b68-6381-4a95-894c-b077c7d13401,ON,Fusion-400,166,166
167,b7ae2b17-c173-46e7-9958-05d3770f5b52,OFF,Fusion-400,167,167
168,936d6f4c-c9a4-4d19-9e15-b7362df0e672,ON,Neo-3000,168,168
169,4e915bfa-7b22-448e-9aeb-76184fd24387,FXNG,Neo-3000,169,169
170,4415880e-0996-43ff-ac2f-968acd591257,ON,Omega-500,170,170
171,6aec0efc-d9aa-4220-9479-832dff1fc5ff,BRKE,Fusion-400,171,171
172,80bbdd06-5f24-483d-8f2d-a7b33167d3b1,FXNG,Fusion-400,172,172
173,7c48807b-1b29-4b8f-bec4-cb7867f37dbc,FXNG,Maxi-700,173,173
174,970f93f9-ce8e-4677-a537-8760369eb9fa,ON,Elite-600,174,174
175,53bba25c-0f0c-45ea-8717-d37001880068,ON,X-1000,175,175
176,b377564e-ea38-4240-b492-6b049a4f3afa,ON,Power-100,176,176
177,35d91fd5-254e-45fb-9525-14a7a8ce00c6,BRKE,Zeta-800,177,177
178,dd4a564d-c777-4496-9987-736a5d2bb567,FXNG,Alpha-200,178,178
179,1a582dda-b1cc-42c8-8e4d-eb526e57df23,BRKE,Alpha-200,179,179
180,59ab3c03-19eb-4e18-916c-a65d451a0c6a,OFF,X-1000,180,180
181,9added23-5e67-4b33-9a42-389255eaf661,OFF,Fusion-400,181,181
182,fd7f18d5-819e-45b0-ac93-2b5fe272c37a,FXNG,Alpha-200,182,182
183,cbb9633c-948e-4c90-acf8-d2129231a80c,OFF,X-1000,183,183
184,4ff33b8e-4247-4756-8c01-1b444b65ad72,OFF,Fusion-400,184,184
185,5864f5f3-c995-44ad-9a36-574acf1e6afa,ON,Power-100,185,185
186,0735674d-8867-4679-ad21-fce03a70335e,FXNG,Alpha-200,186,186
187,1231a02b-e56c-4362-8dfa-238b9bc1cfad,ON,Elite-600,187,187
188,ebf033c7-6e5d-46e1-99a2-82d1fc467737,OFF,Omega-500,188,188
189,45f9b663-70d5-43d1-9d89-5a962c6f4759,ON,Alpha-200,189,189
190,88e42e6e-932c-4715-a3ff-66cce6842ea2,FXNG,Alpha-200,190,190
191,1a351917-c83b-4694-a75f-a79dd864d979,FXNG,Power-100,191,191
192,e0acd688-4f3c-4db6-a7ab-be4288bd2b72,FXNG,Maxi-700,192,192
193,caecc0c3-d265-42a6-b78e-11b513b96df6,FXNG,Maxi-700,193,193
194,0d2cd75d-678a-49a2-883f-ce6b76e874bb,BRKE,Neo-3000,194,194
195,eddc87f9-dbf7-4432-963a-2b903e23ce97,BRKE,Tech-900,195,195
196,d498fd25-f25d-49a5-be75-d33fd5e68767,BRKE,Tech-900,196,196
197,83880c1d-c15e-450f-afac-558e92f7ac30,ON,Zeta-800,197,197
198,0be4413f-1fb0-4736-87d3-390fb5d3aa30,OFF,Fusion-400,198,198
199,343ba329-f653-47f3-bc2b-96b099579436,ON,Omega-500,199,199
200,9093af25-300e-4b7d-8d2b-cf3a7de3257f,FXNG,Alpha-200,200,200
201,59949630-0ff0-4303-a15f-aaccc9c6c485,OFF,Elite-600,201,201
202,cff49698-1a7c-4a35-a77a-bdd5366f8a04,FXNG,Neo-3000,202,202
203,a1c77fc7-4733-4fc1-86ff-efca7d8d51a5,OFF,Omega-500,203,203
204,6271d055-010d-4c3b-a636-df30e2e4f55d,OFF,Fusion-400,204,204
205,41207509-1929-4be6-b353-8fb65ad97a50,OFF,Maxi-700,205,205
206,9b31b3ce-bc69-4587-bddd-b49815c8a31c,FXNG,Alpha-200,206,206
207,eb1e9fd7-914d-4121-ab58-15608218bcc5,BRKE,Zeta-800,207,207
208,32b0e103-3b4e-4277-98d5-ce863f2e2c68,OFF,Zeta-800,208,208
209,ac757103-d4f5-406c-920d-00836168d575,FXNG,Fusion-400,209,209
210,fffef5ea-b6ec-4897-96de-2b0beed406e7,ON,Fusion-400,210,210
211,472cb958-52a8-4857-8e02-ff551cc818c7,FXNG,Alpha-200,211,211
212,34482ca5-3304-427e-8dff-4fa48f396a4b,OFF,Tech-900,212,212
213,7708620d-521c-43cc-a61b-cc393094d380,BRKE,X-1000,213,213
214,be0a4f04-307e-4da7-ad52-f920bb1fdaf5,FXNG,Maxi-700,214,214
215,92a3c162-5b2c-4e7f-8d6d-c8902f1ec832,ON,Zeta-800,215,215
216,40a2f5f2-4d40-480c-b0ec-c7f3742916ae,ON,Tech-900,216,216
217,51bca67f-6259-4d5e-a8b8-b327271b01b4,FXNG,Maxi-700,217,217
218,b9741e7e-3de1-4c4a-a532-13bc4f3f9661,BRKE,Power-100,218,218
219,91f7020c-692b-49a4-963f-5011519a3682,OFF,Elite-600,219,219
220,0e70a344-3c98-4f96-822b-0f2ab005c66b,ON,X-1000,220,220
221,98d472de-4da7-4659-bc78-a542e601adf2,ON,Tech-900,221,221
222,20fe179c-d4ec-4283-af92-ae3c0819f0e0,FXNG,Fusion-400,222,222
223,7fbdb507-0fb7-456c-836e-c799fa86651e,BRKE,Power-100,223,223
224,1f6d35e8-2516-43ba-be92-96ac2730a6fb,BRKE,Power-100,224,224
225,57226cd3-6d90-4489-b3da-3735a5345f66,FXNG,Maxi-700,225,225
226,35862ced-aec2-418b-9701-814994c44c5f,FXNG,Tech-900,226,226
227,e837c31c-6572-4e7e-8afe-da85d72282c1,FXNG,Zeta-800,227,227
228,20845091-13d8-492a-9c1b-f31a91eb8a48,FXNG,Alpha-200,228,228
229,d50f6608-bf5d-4cd9-8cff-e6ff3cd90497,OFF,Neo-3000,229,229
230,7ac2fd88-24b4-4b74-87d7-ffeac99eaaa8,FXNG,Zeta-800,230,230
231,1a860849-eaac-43e2-bffa-f58a3111c23f,BRKE,Fusion-400,231,231
232,a9081268-2248-4a29-8ec2-a7601a22aa39,OFF,Neo-3000,232,232
233,9a13c574-506e-42aa-9c79-6c5ad8feb4e9,ON,Neo-3000,233,233
234,aa96faad-ab7c-41d0-8765-f7a0db45f216,FXNG,Fusion-400,234,234
235,b0ae97ef-8eec-470c-b9a4-3db61d989ce4,ON,Neo-3000,235,235
236,78e12553-8551-4ea4-8581-a6dd7fd2804f,ON,Zeta-800,236,236
237,ce4abe9d-ca55-48bd-aed3-56c626710159,BRKE,Maxi-700,237,237
238,8d2cbd61-428e-476e-820f-ed438825e46f,ON,Neo-3000,238,238
239,1c640e74-3fe4-4494-92c4-3d1623a27946,BRKE,Maxi-700,239,239
240,6fea14bf-5832-4144-9d45-16fc49f9d820,OFF,Omega-500,240,240
241,a5772d07-f7a8-42f5-b0f8-b1eca94758f9,ON,X-1000,241,241
242,1bbe0f53-5525-4278-a7ac-2e20522c7f2b,FXNG,Neo-3000,242,242
243,5c4eff81-df07-4855-b0ba-0ee15e5a5c8b,BRKE,Zeta-800,243,243
244,2f8478b2-e7be-497b-ad44-0b5c0d9e89c8,FXNG,Neo-3000,244,244
245,f158a445-6b26-4f4b-bcd4-210f3f1a932a,FXNG,Power-100,245,245
246,603071dd-b8c6-42d6-97b8-8595a27b6d32,OFF,Alpha-200,246,246
247,681971d5-3a58-45ed-b72e-4e9372c4aef1,FXNG,Tech-900,247,247
248,8bf7941e-15d5-4309-b9ef-a7db0b3638d2,FXNG,Alpha-200,248,248
249,1e2283f9-d01f-4d50-a017-78fb4bf15cdf,FXNG,Zeta-800,249,249
250,91e1a38f-b303-47c1-9a60-3b74e9c96622,BRKE,Omega-500,250,250
251,eec4c5dc-c2a5-4fc9-b1d7-a5bae747d452,OFF,Power-100,251,251
252,7addd088-6e64-4798-a2a4-caaa748c0131,BRKE,Power-100,252,252
253,2b913303-8494-4d2f-a930-38004ebf550e,FXNG,Power-100,253,253
254,0ea1e98b-2a7d-4707-9662-f421022ca862,BRKE,Omega-500,254,254
255,2a3241a2-09f7-4f01-a6e9-32db72ee7e07,BRKE,Fusion-400,255,255
256,ae301155-df4a-4379-a146-3618b634512b,BRKE,Alpha-200,256,256
257,8a42a2d3-7daa-48ad-8d2d-d7382391287e,ON,Fusion-400,257,257
258,e4906f3e-a25c-477e-a1ed-1190ebadcab2,ON,Omega-500,258,258
259,dff9b51a-327c-4ec1-b4ca-d46cb8efea7f,FXNG,Power-100,259,259
260,7f3170a2-f13c-40cd-9abc-e92c45e821fb,ON,Zeta-800,260,260
261,f74e25c2-39fe-47ed-930d-30d379732f5d,ON,X-1000,261,261
262,b4e00109-8019-41e9-875b-2e663f400929,BRKE,Elite-600,262,262
263,98a3b915-3375-4644-b0d9-dadca569fda1,BRKE,Power-100,263,263
264,7b9b77dd-af7c-469a-b0c4-4b3c824fc733,BRKE,Power-100,264,264
265,90eb0287-6b3d-4b37-aa70-5b4deae2a9ed,FXNG,Neo-3000,265,265
266,d677faf4-7614-4ec7-8eda-4c27506fc9cd,FXNG,Maxi-700,266,266
267,b9721cf1-3878-4088-88c9-e6ba36173fed,BRKE,Alpha-200,267,267
268,bfde432b-d163-4463-acce-fe1affffe601,FXNG,Tech-900,268,268
269,a49a5c39-8163-4941-90a4-2f932b4a717c,FXNG,Fusion-400,269,269
270,b3053d24-8869-4a76-9c18-16325e85907e,OFF,Omega-500,270,270
271,3031f1ef-9343-491e-8044-0ba97e1280fe,FXNG,Alpha-200,271,271
272,e9644f20-6102-4b67-a1b4-bab53fcec8bf,OFF,X-1000,272,272
273,a92570fe-c3b1-4a43-9284-972faf53acb3,BRKE,Tech-900,273,273
274,7f45f49a-e122-4464-8504-d5807f03fa57,OFF,Elite-600,274,274
275,125a4f0d-7c0c-4616-bc3f-6ed2d391e69c,FXNG,Elite-600,275,275
276,1866076b-552b-4912-8c65-78c1cf8b07c6,OFF,Alpha-200,276,276
277,f5600d41-2f75-4c0a-8a5b-ae1fe210bc8c,OFF,Alpha-200,277,277
278,9f18864a-811d-42fd-9538-d3e79505f79b,ON,Omega-500,278,278
279,d90afdd3-e790-4b77-8909-1232c67787ef,OFF,Maxi-700,279,279
280,ff299e5b-2d79-46d0-885f-9308b8d8732f,BRKE,Neo-3000,280,280
281,1aa4baa8-dd2e-47ab-bf7c-deba54fdc02c,FXNG,X-1000,281,281
282,1d1bd874-bb5a-4cc4-b71b-b9beff234f1c,ON,Maxi-700,282,282
283,aab9e35f-82d6-444d-b5e2-f18e60881fa4,ON,Zeta-800,283,283
284,b759f7ef-c840-4e93-936f-ee7880fb0c76,OFF,Elite-600,284,284
285,4657e9b5-2177-43ec-b7dc-5f1d30a99dbb,OFF,Tech-900,285,285
286,b16e2b14-6e17-47bc-bffe-021cd7bd5ba3,OFF,Power-100,286,286
287,35795392-c3aa-4929-aa4d-44658eba7963,BRKE,X-1000,287,287
288,020f7336-9199-4551-a20c-1d936a01d898,OFF,Omega-500,288,288
289,5786cfb9-8ed2-4ba9-ac4f-9b1e7e7150dd,OFF,Neo-3000,289,289
290,601933bd-3d35-44d7-9ce9-9fce4b880b3d,BRKE,Power-100,290,290
291,0368cc8e-d3a3-499e-acb6-a6f1f0837697,BRKE,Maxi-700,291,291
292,17ed5ba9-909a-48c7-9091-b378b4ee4a94,OFF,Omega-500,292,292
293,c2711f70-3a67-42e1-b0a4-24986c860e27,OFF,Tech-900,293,293
294,91e5136b-f708-449c-90a8-714f5fa53107,OFF,Zeta-800,294,294
295,4283572e-feb3-4b53-b077-ccc4fe52b0dd,OFF,Alpha-200,295,295
296,f3f96f71-ca49-49e3-ba1d-fd1310d9b7e3,FXNG,Alpha-200,296,296
297,9951fc96-0cb1-437d-aefc-0388b20011bb,FXNG,X-1000,297,297
298,24162f47-b10d-413e-8095-569e088868b1,OFF,Maxi-700,298,298
299,f684bd54-31de-4206-b3e6-54acdc3fec99,FXNG,Fusion-400,299,299
300,b0fa56bd-3337-467c-b1a3-805ffae9ef01,FXNG,Tech-900,300,300
301,67b3ae63-89c6-4727-8629-1d6cec578c86,ON,Fusion-400,301,301
302,83514bb8-0560-40b6-8024-8a7104adbf12,BRKE,Elite-600,302,302
303,55e5c6a0-e3fe-40ad-9b90-707bdc4f22a9,BRKE,Elite-600,303,303
304,55cd71c5-e3d1-4549-adad-469d3040a0bd,BRKE,Maxi-700,304,304
305,be48bae8-72ed-48d8-82a7-1c8062f97178,ON,Zeta-800,305,305
306,a011d22a-59e9-4dac-bcda-1c765e932896,OFF,Alpha-200,306,306
307,f4e52b39-9541-4c74-83e6-cded8c881fb2,OFF,Omega-500,307,307
308,b4fab3c4-007d-403c-9e2f-cf8efc2208ce,FXNG,Neo-3000,308,308
309,acd16b3f-d624-4e7e-b92b-5205173ab2db,BRKE,Elite-600,309,309
310,e1dba4bb-993f-488d-b227-d0f657e4d47d,OFF,Maxi-700,310,310
311,04fddb0b-3ef0-47aa-8c55-a4a5d14f0479,OFF,Power-100,311,311
312,bd563e29-8276-4ddb-9d3a-29d5f59734ee,FXNG,Elite-600,312,312
313,4713faac-7183-438b-99fb-b8f1169d4f49,BRKE,Alpha-200,313,313
314,1261381a-dcfe-4ea2-a849-2656cb3ebfde,FXNG,Neo-3000,314,314
315,00a9863f-991c-40f1-b16f-c6589e76c02f,OFF,Omega-500,315,315
316,d4c314d9-dce1-42ac-9774-f90b8b1e4064,FXNG,Power-100,316,316
317,3d52b9a4-0ff0-487a-88ed-5d4ae3a48d20,OFF,Maxi-700,317,317
318,cda1e970-bfac-4211-b1ad-30ef80420d54,BRKE,X-1000,318,318
319,48b470a6-2a35-4ff2-b763-7c8932c1e4de,OFF,Neo-3000,319,319
320,b8d304a1-3b6a-42a5-873b-1f17a4ed0bac,FXNG,Zeta-800,320,320
321,1b1745ca-548c-4df6-be1b-d9aea8daddf2,OFF,Elite-600,321,321
322,7b374657-3d99-4f06-ac2c-1afe05d5274c,FXNG,Neo-3000,322,322
323,baa5f920-424a-4b79-b270-fc161f9a0043,FXNG,X-1000,323,323
324,3065b62e-d962-4389-b66e-9ad2afaba966,ON,Alpha-200,324,324
325,ad7795d0-7ead-4e01-a905-6043052d541c,ON,Maxi-700,325,325
326,9a93efa5-bf5f-4272-9977-12f70b9b8413,OFF,Elite-600,326,326
327,8b7f1e6b-81a8-43e4-bd84-9ed0b7eaea47,BRKE,Omega-500,327,327
328,66a1fcd9-d6d4-4c9b-92b7-9e11a8afd6ee,BRKE,Omega-500,328,328
329,26afe39b-fed2-4b82-a255-b55110d62fd2,OFF,Elite-600,329,329
330,6f942e20-a8c2-435a-bd32-32f7c802db3a,ON,Zeta-800,330,330
331,a706f1ad-b7c3-4a6a-88b1-602c32f02d0d,OFF,Fusion-400,331,331
332,d63d3cde-da2f-418a-bb7a-c422327a36dc,FXNG,Power-100,332,332
333,c443bd5a-dd76-4641-81f6-274cefd53930,BRKE,Maxi-700,333,333
334,178fdebb-a599-4f98-86e6-004fed6f52a9,BRKE,Neo-3000,334,334
335,497cbb46-0fc9-4954-a181-5e4b62b5ad4a,FXNG,Alpha-200,335,335
336,3eaf4bf7-5ac3-4a1f-842a-b22c8eae80ec,ON,Fusion-400,336,336
337,234e502d-7de1-4610-ac86-6bf5d435cc40,BRKE,X-1000,337,337
338,48fb42ba-0bd6-42c0-90ff-9b0608003567,ON,Fusion-400,338,338
339,3f4952e2-8314-49aa-8a24-2556ff25983a,FXNG,Fusion-400,339,339
340,bef2af3e-97af-4fa2-8194-78d7749452f8,OFF,Power-100,340,340
341,3542d8a8-5aa0-4318-9419-8dee77948ad5,ON,Omega-500,341,341
342,490e8e78-4bfc-4190-94d6-3fca23bffa14,ON,Power-100,342,342
343,70e56543-1aa9-466c-916f-3ea1fe27eab6,OFF,Omega-500,343,343
344,0cafff0c-bba8-41dc-a0ce-a1db26e53dd2,ON,Omega-500,344,344
345,ab511609-88b6-4f84-a3e5-77b77cfda6f9,ON,Omega-500,345,345
346,6efd5c9d-e8d6-47ca-992b-4bbe57d58265,BRKE,Maxi-700,346,346
347,981a5752-9351-45a8-9fc4-49964d8e7e3d,BRKE,Fusion-400,347,347
348,2be3bb14-b4b7-427e-8219-0624a2f61e57,BRKE,Zeta-800,348,348
349,6484a1cc-042f-4496-9f50-da51ec9e4f10,ON,Alpha-200,349,349
350,7b64a18c-b1df-4e1f-9663-3f8fe7eb3615,OFF,X-1000,350,350
351,8864862c-c110-40b2-9e46-8861e594e311,OFF,Elite-600,351,351
352,43316015-9ede-43e9-957a-5a6a8635e7f1,OFF,Tech-900,352,352
353,1eb7639b-f41c-4b82-935d-a2d032739fbf,BRKE,Neo-3000,353,353
354,af19f071-b9d6-45b4-b2b7-cfab8872eecb,FXNG,X-1000,354,354
355,f1a8c32e-4f6a-43a8-8d1c-1144a9a6f664,OFF,Omega-500,355,355
356,c61010be-9dc0-4af8-a97b-a6b29b960bc6,ON,Tech-900,356,356
357,20ed5c89-67a3-42e5-ba34-0c1db88c7c72,FXNG,Elite-600,357,357
358,eb4aa65b-dc34-49b1-be3b-37f176d317b6,ON,Maxi-700,358,358
359,ff3887cd-8a7e-4f18-8c68-07ba51bf1a1b,BRKE,Fusion-400,359,359
360,9df48a96-9090-43b9-bbc9-ed051b051a32,OFF,Power-100,360,360
361,f5e4c08a-3453-4149-b8df-01e847b51d9b,ON,Alpha-200,361,361
362,1cf0db31-ae7f-477b-9b04-9fd797d7ad26,FXNG,Elite-600,362,362
363,9b8e7601-821a-496e-b860-c88026b0e0c2,BRKE,Fusion-400,363,363
364,10cc61a9-b24d-4918-aec4-858a91880938,OFF,Elite-600,364,364
365,9f7923cd-1bd3-4534-b319-e1b50991f6c6,OFF,Maxi-700,365,365
366,c532bd35-a8b9-4a5a-b5be-6f719f7c2928,BRKE,Omega-500,366,366
367,e3be0560-9221-4f10-aeb9-b5ebe6253bd5,FXNG,Omega-500,367,367
368,1c0d4b00-1e30-4dfa-92ec-d8d929ba7abc,FXNG,Zeta-800,368,368
369,96a77ab5-8246-45d0-9769-0ad8a5ddc1d1,OFF,Tech-900,369,369
370,3d14f255-d2e1-40b8-ac20-3dd69fc467c0,ON,Zeta-800,370,370
371,e6de553b-7ac9-4492-9c43-a22dcb016941,ON,Omega-500,371,371
372,ca8613f2-8461-4468-b6d4-90a50d033594,BRKE,Zeta-800,372,372
373,81a54b3c-8325-4b66-b159-944fceae8ddd,BRKE,Zeta-800,373,373
374,d83cf288-7460-4d4c-9c7f-c80c500350a3,BRKE,Elite-600,374,374
375,4c9f8ac8-0d34-4cfe-8732-950042f17700,FXNG,Neo-3000,375,375
376,1d9e587f-b8cb-4d56-8274-7a784b5c805b,ON,Fusion-400,376,376
377,3d03e4bd-e7ef-46a4-9653-a7e5692846e5,FXNG,Neo-3000,377,377
378,2e78e5c4-353c-4736-983a-7e90da2de25e,FXNG,X-1000,378,378
379,eb3921d8-8ab9-42d0-a427-bcc7c23b9f51,OFF,Omega-500,379,379
380,77edb9b3-b44b-4639-b8e9-b52c9e1a2789,FXNG,Tech-900,380,380
381,bba0f998-ea6c-4bcd-b24b-21962b1cae9d,ON,Fusion-400,381,381
382,7567fd86-6501-46a9-9fd6-51fda6d6643f,ON,Tech-900,382,382
383,5819455c-c932-417e-a681-0403a3260c83,ON,Maxi-700,383,383
384,1b21b3f1-362e-497d-8f5f-a536e27643c9,BRKE,Elite-600,384,384
385,17b8b865-0efc-44c7-86ff-a30f973d96a7,OFF,Elite-600,385,385
386,1739517d-0114-4716-9e92-26084a5cd409,FXNG,Power-100,386,386
387,666c85db-ac04-4174-afe9-43a7d264a27c,FXNG,Neo-3000,387,387
388,a2828ec6-8dd8-4ae3-bf6d-3a5d9f261d7a,ON,Fusion-400,388,388
389,6bd4128e-2fa1-4a1d-8753-10180823ebba,ON,Alpha-200,389,389
390,2ee5eb59-f554-4092-9b0b-9f046ea031ec,ON,Alpha-200,390,390
391,f821c469-8ae4-4294-9e9e-fdffcf5b2915,OFF,Power-100,391,391
392,4147d484-f014-4585-96ed-cbff2fd04d62,BRKE,Alpha-200,392,392
393,86d4e3c0-dcbb-4e3b-a9f6-668fb54574c0,FXNG,Omega-500,393,393
394,d98f8d4b-f73e-4480-9895-607ca9a73382,ON,Elite-600,394,394
395,6c97d9d1-09ec-41d9-ba18-dbb20b7e97a6,FXNG,X-1000,395,395
396,593a4a69-1caa-4968-baf3-d7b1a7deb344,OFF,Alpha-200,396,396
397,6395723d-5611-413b-8ee6-111b16db2a4f,BRKE,Tech-900,397,397
398,052572b6-17ce-498e-9b05-87eb86298fb6,ON,Alpha-200,398,398
399,6db1f077-8aeb-4e72-b6e7-812f74ec47f7,OFF,Omega-500,399,399
400,bb0e29cb-683b-4935-8d81-ae213f2e428c,FXNG,Elite-600,400,400
401,b3aeeee2-2b7c-404a-b8e4-1fe9fca7a349,ON,Neo-3000,401,401
402,e204a631-44e9-4856-95b7-e7e645c88ab1,FXNG,Omega-500,402,402
403,6652ca4d-138a-4dab-9683-015822c30939,OFF,X-1000,403,403
404,fafcf6da-f3ef-41a1-b637-ff673fdafea7,BRKE,Fusion-400,404,404
405,64051f07-cfae-4e93-9d50-29c24820128f,OFF,Power-100,405,405
406,8d1a17c8-e14e-4438-b274-bde63a797fe0,FXNG,Power-100,406,406
407,c8cdd244-6f43-4d6b-8816-7fa15318cc9d,BRKE,Tech-900,407,407
408,21de0876-2421-4d1b-941f-eed12538647a,OFF,Alpha-200,408,408
409,a1f8222f-e741-4814-8186-f1596e320b56,FXNG,Zeta-800,409,409
410,91f13bcb-a2b3-461c-a720-a00198450e8e,OFF,Fusion-400,410,410
411,95872e2b-6377-4d25-82b8-d59291eee281,OFF,Zeta-800,411,411
412,b8d0ebcc-b802-45f2-b1a5-9fa33a10c57a,BRKE,Omega-500,412,412
413,cee9fc0e-f355-4452-884a-4ea95258028e,BRKE,Tech-900,413,413
414,0f351be7-c7c9-488d-a15a-f91198d348d8,OFF,Neo-3000,414,414
415,95d63b0c-4267-4fe5-9836-48843a7d0e8e,FXNG,Zeta-800,415,415
416,cbef0770-c534-4e53-bb7d-88ada3072fe8,ON,Omega-500,416,416
417,c5fe1d00-61dc-4ce0-9fa4-583282aa91e4,OFF,Alpha-200,417,417
418,21ff665d-49de-4f76-a209-5fec90ce044b,ON,Elite-600,418,418
419,160d35f8-c51f-4ce6-a970-14fdc221a588,OFF,Fusion-400,419,419
420,335b17f4-0bbf-4b81-a933-396c75108bc7,OFF,Omega-500,420,420
421,ac87b972-302e-4762-9e8a-a18ead8781f2,OFF,Elite-600,421,421
422,77bd90a1-9963-4319-a494-d479ac845f67,OFF,Zeta-800,422,422
423,ea83e9c2-2f37-4d08-a80e-4012554b8bb5,ON,Alpha-200,423,423
424,e742e8db-1ab1-4e27-908d-f4206c778b2b,BRKE,Omega-500,424,424
425,4ed8c5a1-8d5e-4a8b-97b2-018ff82a79e8,OFF,Neo-3000,425,425
426,0492577a-8cd7-42dd-ade4-4a40980255da,OFF,Power-100,426,426
427,1338e5ea-9e67-479e-92ce-7efc6b91bd69,ON,Maxi-700,427,427
428,e5821dde-3ad4-4c1c-9b00-f7b836d09427,BRKE,Power-100,428,428
429,6c04ec59-b208-49c3-a106-07abf68c0f7b,BRKE,Fusion-400,429,429
430,4ac1bbb1-7eb6-4227-ae4c-3faec8335bf2,FXNG,Zeta-800,430,430
431,7c364a7e-bcb7-4579-87f2-1c70ea7bef10,ON,Neo-3000,431,431
432,0b74d5eb-37aa-4f66-ba9c-3479f8601a07,BRKE,Maxi-700,432,432
433,f5ae8d81-96d3-4531-b495-eadb997ac52b,BRKE,Power-100,433,433
434,b479350d-dcc2-4432-a7fa-95ed7162aadd,OFF,Zeta-800,434,434
435,9c8c9ce9-05b4-4c11-add6-a4b5e9b6f55b,ON,X-1000,435,435
436,ecea6938-ce20-4899-8df0-47a080ba7d62,ON,X-1000,436,436
437,9ecce61d-1813-4df9-ad51-8c3f57d8ec50,BRKE,Elite-600,437,437
438,2a7e6626-a274-42ab-8e07-6f5566bb8f12,BRKE,X-1000,438,438
439,8f90c983-d1e0-4c5f-9db6-5e089fba662d,ON,Fusion-400,439,439
440,0c7bbadd-5a3e-4ddf-b1ee-79c58bd94759,OFF,Tech-900,440,440
441,6b8994c8-39e0-4df2-a391-95b23a5777a0,OFF,Tech-900,441,441
442,4b4c677f-fe98-44ee-90af-5d079fc972dd,BRKE,Elite-600,442,442
443,21b4c4ab-b10e-476a-be5b-4ff8c2a069ab,OFF,Tech-900,443,443
444,e4aa19d1-f59a-4cae-b36e-0b47f2188f30,ON,Fusion-400,444,444
445,6a326571-c0c4-4b2b-a172-c1c767e88e7c,FXNG,Maxi-700,445,445
446,ec84593c-25a6-4a80-9de7-153ae8ef2cfc,FXNG,Power-100,446,446
447,63decf63-3c70-4a98-bad7-56569a2dd90a,BRKE,Power-100,447,447
448,1310088b-4762-45c3-b612-24701e6602fa,FXNG,Zeta-800,448,448
449,da224c69-c9f6-48c0-9f27-ceb9862a9b86,ON,Omega-500,449,449
450,037c8ad9-cb93-4462-bfc5-bb57937a8544,FXNG,Alpha-200,450,450
451,62794032-0b36-45a7-b192-ac263063b2b4,OFF,Fusion-400,451,451
452,a71ef0d7-465d-41da-af4f-087ede3e90a4,ON,Fusion-400,452,452
453,c6bc6d80-b7fb-4bf8-abdb-f2a11fae9cc9,OFF,Alpha-200,453,453
454,28a611a0-e875-4e13-95bf-6eeda62617e1,ON,Maxi-700,454,454
455,9567d0a8-64c2-4ff3-94e8-c8981f3c627d,FXNG,Zeta-800,455,455
456,346b0883-fdbe-4f18-a02c-cea3b7d397ef,FXNG,Omega-500,456,456
457,66b1d959-06cc-47ca-959d-2af784e4fa82,ON,Alpha-200,457,457
458,c3434910-6f63-4143-a617-f7b14b170f2b,ON,Power-100,458,458
459,6337c722-0874-406d-adb0-59d43a671f64,FXNG,Elite-600,459,459
460,1404d10b-1287-4307-95eb-d35365e354b0,OFF,Maxi-700,460,460
461,4f13c7ce-4d07-425e-a385-1385fa940809,FXNG,Power-100,461,461
462,76f24c38-fcf4-4ea6-8c41-751896d31bcf,FXNG,Maxi-700,462,462
463,6cb0e5a0-8f0d-4138-9675-6dc7d27c20ff,ON,Alpha-200,463,463
464,438d828e-a665-4e6e-b423-697f56a8edfc,FXNG,Fusion-400,464,464
465,fac5603b-a1c1-4d71-ac9c-b0fafb87a73a,OFF,Neo-3000,465,465
466,e23c1114-dd13-4cd5-a549-f8722dc97166,BRKE,X-1000,466,466
467,8b0eeea6-ce6f-4302-9fa1-b78e9156023c,ON,Power-100,467,467
468,2cc71347-fe98-464b-b96e-41f70585a1ed,ON,Elite-600,468,468
469,11a45fc5-64fa-4270-a302-91f1bc103fe9,FXNG,X-1000,469,469
470,ae11841a-beb9-4f27-8d20-b3869c087541,OFF,Elite-600,470,470
471,9d13ac40-5857-421e-b25b-8d43aaafe0f5,OFF,Zeta-800,471,471
472,fe33851e-a0b1-445b-99ed-40db82e881e0,ON,X-1000,472,472
473,ca6bab99-0140-48f1-9caf-1bffcfe1cc28,ON,Omega-500,473,473
474,a9866357-92e8-4b18-aa77-50918089691e,FXNG,Alpha-200,474,474
475,ea26c306-1b2f-4a98-805d-41b1b39b6b1e,OFF,Omega-500,475,475
476,01b53d57-ad00-4a3e-b5a3-9a00e27fac90,OFF,Elite-600,476,476
477,3a79f5ad-8dab-4d82-9960-d9fc5a085c3e,FXNG,Maxi-700,477,477
478,a9bf1bc5-b5dd-4642-a389-3d5d83d06775,ON,Tech-900,478,478
479,be09c043-9bc3-4968-a26c-b9c47d657cb0,ON,X-1000,479,479
480,b5c34f44-4b7b-4158-b775-47cc7553306d,OFF,Tech-900,480,480
481,cc8789ef-fffd-4b8a-bd45-3fca1a5bd1e7,FXNG,X-1000,481,481
482,e4205718-7456-498c-b95c-b668de3ffdb2,OFF,Maxi-700,482,482
483,502cb05d-1778-456d-9108-d0f34c54f185,ON,Zeta-800,483,483
484,7681683d-f586-40ff-8d91-5db94b0a140b,BRKE,Tech-900,484,484
485,e19a5202-8ef8-4eb4-b752-fefe1b408e65,BRKE,Zeta-800,485,485
486,6848f4c4-2b9a-46c5-a1e6-d39122c6bccd,OFF,Maxi-700,486,486
487,1418c999-93b0-4968-86ce-92c6d95af756,ON,Alpha-200,487,487
488,06eff9ad-0275-4ffe-b251-39d995e9298d,ON,Alpha-200,488,488
489,a4052531-f3f5-4a7e-87ce-4eb9c44f79e4,OFF,Tech-900,489,489
490,a7848d73-c468-43a5-a627-540cb574313b,ON,Alpha-200,490,490
491,4f0fb3b3-1198-43fd-9c72-4dce587bbe80,ON,Neo-3000,491,491
492,5b941830-2fc5-4528-86e4-6af30505d190,BRKE,Neo-3000,492,492
493,8d937bf2-0675-424d-8d69-9e4329de18fc,BRKE,Zeta-800,493,493
494,ba6a9f8a-13ff-43e9-9021-d094a92d39ed,OFF,Alpha-200,494,494
495,959313f1-33d7-4020-8a4f-de4bea9117f3,OFF,Elite-600,495,495
496,4077551f-9686-4781-942e-e47acae3b5ed,OFF,Maxi-700,496,496
497,298b8988-85c7-41cf-b3c8-a1d3853a4146,ON,Fusion-400,497,497
498,3af5fd57-4bd5-49e9-a080-b6be480e9da4,ON,Zeta-800,498,498
499,6e01171d-3441-486a-a905-d31e0a647fea,BRKE,Maxi-700,499,499
500,97d1ffba-2a42-4555-acb1-20155b835be1,ON,Neo-3000,500,500
501,6ded0ec8-eba8-4afb-beca-3976c9d8835f,OFF,Tech-900,501,501
502,d3378660-c972-4851-9e71-3a92ff5699fa,OFF,X-1000,502,502
503,0687879c-a2df-4b92-81da-c3d30a4c88cc,FXNG,Neo-3000,503,503
504,7c1e29af-f106-4d8a-9339-4ef3fcf2ef7c,BRKE,X-1000,504,504
505,1e65ea3e-08e2-439f-b744-884b8ab03f8d,OFF,Alpha-200,505,505
506,688ae471-5e9e-44e5-8762-a34de310c039,BRKE,Neo-3000,506,506
507,7c5c0be3-03db-491b-b824-dfb723879d6f,FXNG,Tech-900,507,507
508,e661a24c-e7c7-4ead-bf3e-cedc05350946,BRKE,Elite-600,508,508
509,d3ef6d23-70b1-4ef0-946b-9eb7b1ed069f,BRKE,Elite-600,509,509
510,f835ed11-eb48-4da5-b3a3-92231e57bef2,FXNG,Maxi-700,510,510
511,d93c8676-65ea-4582-85d1-1550fbb7369d,FXNG,Tech-900,511,511
512,8e6c3ba4-65a3-4a8f-a3ae-79ee58a13f72,ON,Omega-500,512,512
513,6cacf540-4c25-4c08-baa1-d2b3dfcfa6f7,BRKE,Power-100,513,513
514,5e1cceed-7915-4e48-b5f3-2317e0dbc372,OFF,X-1000,514,514
515,9026adfa-47f7-4a6c-82ce-1d6466ffe670,FXNG,X-1000,515,515
516,96757db3-a8b0-4296-aef4-489612bdaff7,ON,Tech-900,516,516
517,c21eeb0b-33b9-4739-a32b-cd86cec3997a,OFF,Elite-600,517,517
518,9fe1f17a-360c-4f73-aba7-9598aa346274,ON,Maxi-700,518,518
519,0878d516-78aa-4546-864a-30a2b57ce23b,ON,Fusion-400,519,519
520,94bc7f8c-2141-442a-af2d-21d24fd28f88,OFF,Zeta-800,520,520
521,569c8839-2c83-48e1-b844-0be8ec058d87,BRKE,Power-100,521,521
522,c46832a7-8813-49ce-8e70-e03f570f98b1,BRKE,Alpha-200,522,522
523,d7c4f696-a3ac-45c7-af1b-d66f8feaec28,FXNG,Zeta-800,523,523
524,a8c60ab3-b05b-4af8-a4ba-a72787a2cf95,ON,X-1000,524,524
525,8d5248fc-5e73-4c84-abf5-57003f812e17,BRKE,Elite-600,525,525
526,078c99f8-3bf5-421d-abe0-501742bf0c25,ON,Maxi-700,526,526
527,e247a806-c771-4fe4-b442-f7530b4d5585,FXNG,X-1000,527,527
528,8d538ca4-9bdf-441b-ac16-8c6da9f7877b,FXNG,Zeta-800,528,528
529,8eea6290-6658-41d3-a17c-f031ba873bb5,ON,Fusion-400,529,529
530,02c2b99e-592a-48b7-bcab-de566b51e84c,ON,Zeta-800,530,530
531,55e14d07-10c4-491e-8f4b-2c5595e78865,ON,Fusion-400,531,531
532,6565e5b7-e12d-4d47-8eb3-3f084926125b,OFF,Elite-600,532,532
533,0b44a2c0-7cd0-4364-8eb6-bab076bdb107,OFF,Power-100,533,533
534,ac343a96-6733-46f5-93cd-8bddfe1ab2b2,BRKE,Zeta-800,534,534
535,283677ea-6bcb-4d9a-b845-735844e485b2,ON,Neo-3000,535,535
536,3c0538d1-74de-4e86-801c-b4a3d1e16d17,ON,X-1000,536,536
537,83309cf2-ae18-4ac9-9b08-c95bb441ac85,FXNG,Neo-3000,537,537
538,3cd29879-0109-4822-9be2-c82d761b2e43,OFF,Tech-900,538,538
539,9b0ad078-b074-4234-baf2-87ab6b2ec85d,FXNG,Omega-500,539,539
540,4f37338a-4077-44d1-a680-10beb09046b3,FXNG,Elite-600,540,540
541,f4ce75e4-8e7b-4728-9c4b-0a21296c9096,OFF,Omega-500,541,541
542,bdca60d4-d5d7-416c-b923-0c7304e9bece,BRKE,Alpha-200,542,542
543,55a3e6d7-10cc-449d-8c5c-d2829534b0e3,ON,Fusion-400,543,543
544,ab061fc7-7f4a-4503-abc4-4f23046831b2,ON,Elite-600,544,544
545,e33441f5-b9d9-42d8-b319-8382d4c74e7c,OFF,Neo-3000,545,545
546,e86f613a-0795-4368-a2df-d89eaa964324,FXNG,X-1000,546,546
547,a1a6b98e-a4c4-4b8c-9ed1-219791d7fcf0,ON,Fusion-400,547,547
548,34fe8855-25b4-4815-8598-295fa57f8b21,OFF,Zeta-800,548,548
549,9bbd51f3-7f73-40bc-b33f-c1b530d36986,BRKE,Maxi-700,549,549
550,e401c8f0-1862-4312-ac57-9a10ed0ed196,FXNG,Power-100,550,550
551,f75906ca-8461-453e-939f-ab0dbac4d63b,FXNG,Omega-500,551,551
552,3d2fabea-cb99-40ba-8693-04a930163fb0,OFF,Neo-3000,552,552
553,8b0358a6-5488-4bc2-8927-57cc4ddc1bef,BRKE,Neo-3000,553,553
554,3fb9a140-0244-4bba-bedc-60b5799f9b36,ON,Zeta-800,554,554
555,d38e7de5-a08e-47e4-8906-cce3221df4d7,BRKE,Zeta-800,555,555
556,ecc3486c-040d-4047-b5e2-4bd40ce1f068,FXNG,Omega-500,556,556
557,4516f2d3-fa9c-459d-8baa-f1138ff935a2,BRKE,Zeta-800,557,557
558,cbfd6fac-22b9-4402-8ce1-245d4976e036,OFF,Fusion-400,558,558
559,868c25a0-4f81-45f3-87a1-e95dc854f8a8,OFF,Alpha-200,559,559
560,73ad725b-abc5-403f-b024-e31c0222d7b9,FXNG,Neo-3000,560,560
561,941660f1-f277-4106-9496-a315b75f43ca,ON,Tech-900,561,561
562,c89f00d0-507e-4a2e-920b-c2c3b351eb6b,FXNG,Neo-3000,562,562
563,fdcca0ba-b74b-40c0-bf3e-f3668faac102,ON,Neo-3000,563,563
564,9a6e2887-93ce-42fa-b27b-392a302f8c34,ON,X-1000,564,564
565,69b14311-b12c-42e7-a27f-cc052bfb17ea,BRKE,Neo-3000,565,565
566,ba4233b0-6802-4814-9333-7985febf7ceb,BRKE,Elite-600,566,566
567,2b2d1323-6738-434e-929e-6c5c87780526,ON,Omega-500,567,567
568,8a7267f4-fcbc-4afe-a2cc-3841932c6b07,ON,Tech-900,568,568
569,c02f5322-11ee-44f9-b01e-37da13fe5011,FXNG,Alpha-200,569,569
570,3a3e6cc8-7197-4c8c-8bcc-963b1aaec6c8,FXNG,Zeta-800,570,570
571,765ff012-4412-4200-9aaf-acd208724f05,ON,Power-100,571,571
572,4c872511-d1f0-4192-bc49-5b5af68ce15e,FXNG,Maxi-700,572,572
573,5b3a702e-25d9-493c-8e72-ff4f5e97aef6,ON,X-1000,573,573
574,7bc1827a-0c08-4690-b019-48c0b809aa7f,ON,Elite-600,574,574
575,600a1db3-5aca-4b77-8d90-22ae36750d01,ON,Maxi-700,575,575
576,5de4f5d9-f860-45fa-b18b-e7a88389261d,BRKE,Fusion-400,576,576
577,0b9b952a-9dc8-429a-a84b-404b5360876e,BRKE,Tech-900,577,577
578,be17c820-c806-44f4-8742-741a8cfecbd8,ON,Maxi-700,578,578
579,9e84f737-f93e-46fc-b1bf-1af13623c8da,BRKE,Omega-500,579,579
580,14975f6c-0fc6-4851-b373-2fc5256cbe4e,ON,Power-100,580,580
581,83f73eb3-2c70-49dc-b12f-adb1f7a24645,ON,Fusion-400,581,581
582,6bcd9a39-36d9-4eaf-a4b9-cc2308f49aa9,OFF,Elite-600,582,582
583,9d0e5d15-3b98-4e66-bef3-1ce59b869877,ON,X-1000,583,583
584,248f77fa-7242-4dd0-acee-a0b4fabc9738,OFF,Omega-500,584,584
585,2c7afe73-f1d3-443d-acee-54d167c52ee1,OFF,Fusion-400,585,585
586,14d70277-0d5a-43df-8db4-f32f3f76bc83,FXNG,Neo-3000,586,586
587,70e989b4-fbfb-4f9c-9fcd-72b5cbd5a339,ON,Alpha-200,587,587
588,2b44a775-2896-47b3-9036-a6ee855897ef,ON,X-1000,588,588
589,8d5da8c9-832f-456c-85a6-a67f2911c812,OFF,Maxi-700,589,589
590,17037064-486a-4c45-b7f9-36270ea951a6,OFF,Neo-3000,590,590
591,debbc35b-7090-4c1b-9bbb-5f8a92144596,BRKE,Power-100,591,591
592,41bb6b75-9fac-4001-a045-815abe86f198,OFF,Zeta-800,592,592
593,e58dcbb8-428e-4586-ba97-8c6f9073fec9,FXNG,Fusion-400,593,593
594,ecced391-ffc3-4fe2-8d41-c216da14b7eb,OFF,Neo-3000,594,594
595,0a7e8d2f-c070-4e24-9d89-17f497ad8065,BRKE,Fusion-400,595,595
596,f0e97727-0778-4d08-afa1-0258200d2456,BRKE,Power-100,596,596
597,fd2fecc4-f446-4587-8fba-d635e857ad84,FXNG,Fusion-400,597,597
598,2a1a37a6-2cf3-47aa-958c-2cdbec78f676,ON,Fusion-400,598,598
599,dcc641d4-0dc8-4690-9da8-591bee4bd52c,BRKE,Fusion-400,599,599
600,676a6209-88e8-4b69-b05d-1c2b072a7f8b,ON,X-1000,600,600
601,34983e23-e6c3-4b88-9355-70aaa83d5302,BRKE,X-1000,601,601
602,abaeba81-59b1-4845-bd9b-8ca120526483,OFF,Maxi-700,602,602
603,105e9da2-12c7-4646-9bae-5b9170de6e3e,OFF,X-1000,603,603
604,ed54a9e0-e896-45fe-b003-2e58c67256a4,FXNG,Fusion-400,604,604
605,93178059-3f10-4cf8-ae9f-fb468aabbe57,ON,Maxi-700,605,605
606,a1503c5f-7481-4aa4-8e79-1ed1d8470655,OFF,X-1000,606,606
607,bc9db7a5-8b19-402b-97a2-b08f4453a384,ON,Zeta-800,607,607
608,062cad22-7544-4e28-bc2b-2bd4e2d1cca9,ON,Neo-3000,608,608
609,c1437137-36a1-4692-a798-8b7e557ab62e,ON,Power-100,609,609
610,afe88c6a-ea67-4f87-bdf9-26603c2377f3,FXNG,Omega-500,610,610
611,f8854ed2-4403-412f-b966-1408f5a1d648,FXNG,Omega-500,611,611
612,48684027-0803-4740-b23c-5556e348aa78,FXNG,Omega-500,612,612
613,3dcd3cba-3785-4c38-bc27-0ef51e5d8d8d,BRKE,Alpha-200,613,613
614,a51c2dcd-45c9-4045-8406-e4e9fdeea760,FXNG,Tech-900,614,614
615,573d820b-c022-4763-a63e-23968511238a,FXNG,Alpha-200,615,615
616,4d88e8c2-fd69-446e-a2ba-d0e043a84838,ON,Neo-3000,616,616
617,362df4a7-ff88-4e27-b7a0-67e498923ba3,FXNG,Fusion-400,617,617
618,e14fc748-39d5-4da7-9a7c-69b5bec0e605,FXNG,Zeta-800,618,618
619,5854dc33-ff97-4345-9286-a7d1a656e380,BRKE,Power-100,619,619
620,099d1a56-38eb-4ebe-87bb-d33abb19c3ed,FXNG,Power-100,620,620
621,57ace4cb-0d64-4c4d-bb46-8a81243033eb,BRKE,Zeta-800,621,621
622,3d64a21c-726a-4e96-84b0-588016d9966c,BRKE,Fusion-400,622,622
623,c9e6d88b-d389-4772-83af-814cf881c72d,OFF,Fusion-400,623,623
624,dc4de6e8-5589-4c5b-b97b-526357ade1ad,BRKE,Maxi-700,624,624
625,0db4b117-5127-485d-b675-e799f5a087d7,OFF,Tech-900,625,625
626,ea842e92-728c-42ee-ad7f-c467050739a1,ON,Zeta-800,626,626
627,2afe1a50-4e22-4528-8079-3c99f93e46de,BRKE,Tech-900,627,627
628,05bc707a-57e5-4ec0-ac5e-ccd26d29f0f8,BRKE,Alpha-200,628,628
629,fdd5c1a1-8ba0-4a59-b3ee-663e16258725,OFF,Tech-900,629,629
630,ff61fe94-011a-435c-975e-cd70f4c63e75,OFF,Fusion-400,630,630
631,f0704ddf-dbb1-4a50-b5cd-57a4b17f769c,FXNG,Maxi-700,631,631
632,68bd7b80-565c-41fc-8479-4ce4a12ac737,BRKE,Tech-900,632,632
633,a077c71d-61b5-4215-98e4-149de9867ada,ON,X-1000,633,633
634,62bf5783-9a21-4903-a3d7-dfc7e8750b89,ON,Tech-900,634,634
635,b032aa3f-0c82-4538-a07d-8a76293d62d5,ON,Alpha-200,635,635
636,9fe33a6e-212f-4b00-b969-9b90428cc678,BRKE,X-1000,636,636
637,a4b8c2bf-29e9-4881-90b5-2e2a50d525bb,FXNG,Maxi-700,637,637
638,92bc74d1-dc3f-464b-81b9-bbb24d43bf05,FXNG,Tech-900,638,638
639,4ef66d38-943f-4caf-a424-5edbcab7143c,FXNG,Alpha-200,639,639
640,d9d97b9a-6b68-4f20-b903-38d4ef779ffe,ON,Zeta-800,640,640
641,5813830d-3103-429d-b59c-73adad475db9,BRKE,X-1000,641,641
642,e4f3bbb7-5302-4b88-a175-9b0e1f5a1dd0,OFF,Neo-3000,642,642
643,3964e0e6-4525-45ea-b741-4f2c81392eaf,OFF,Omega-500,643,643
644,1ca6c8d5-8d88-4341-b8b0-50d1927be299,FXNG,Fusion-400,644,644
645,e1326732-3ede-4a0c-b419-0a36e07e8df6,OFF,Zeta-800,645,645
646,b400442c-f217-4b31-beac-e8625632f060,OFF,Omega-500,646,646
647,0f6fc7c9-ebe2-4206-85b0-e364f9fc94b4,BRKE,Zeta-800,647,647
648,6ed0bde0-fa94-4cc0-87ce-4bf20850aa6c,BRKE,Neo-3000,648,648
649,96a4c17e-97b1-4510-9527-5c1ec0533736,FXNG,Maxi-700,649,649
650,1b56d287-360f-4107-9c50-1efe77aa07f5,FXNG,Tech-900,650,650
651,d3aea0e5-b5f4-4c72-af05-c94094468d66,ON,Fusion-400,651,651
652,4dbef0cd-9881-4ca9-82cd-d591997e370f,OFF,Maxi-700,652,652
653,a6adedea-905d-4926-a285-45028f870651,OFF,Omega-500,653,653
654,be74d6c8-1914-4c59-b40f-5a948f6d4dc9,FXNG,Neo-3000,654,654
655,e8a799f3-c037-4207-b0d8-54bd2c6c79c0,BRKE,Alpha-200,655,655
656,d01a560d-ab48-484c-a5a3-38a2720021c9,ON,Maxi-700,656,656
657,176965cf-c561-4286-836e-fa2d8d5ceb71,ON,Maxi-700,657,657
658,cb22554a-3955-45b8-ab59-c3a81ff94aed,FXNG,X-1000,658,658
659,8d784ec6-db3d-46e2-8887-3510d38a116a,BRKE,Omega-500,659,659
660,98cf9b66-9bee-4fbc-a7e5-d485d4852a6f,ON,Fusion-400,660,660
661,bf5970fd-f502-43d5-aa0b-0f7efbdd5b94,OFF,Maxi-700,661,661
662,cb37dd53-f7c9-437d-a84d-19d50cdf9d32,FXNG,X-1000,662,662
663,d3533998-c994-42ae-a7b2-84f5e092c6b3,OFF,Fusion-400,663,663
664,3f280068-1754-484e-8739-39726a0ec4cc,ON,Zeta-800,664,664
665,d5f5c125-21eb-4283-b67e-71b245d51fef,FXNG,Maxi-700,665,665
666,082993f0-79b0-47a2-a775-5de19dc060a3,FXNG,Alpha-200,666,666
667,ea8b0718-6715-4663-b99e-d17f48f1ed0b,ON,X-1000,667,667
668,26a87d72-da23-414f-a197-59d0d1fa8b67,FXNG,Alpha-200,668,668
669,307c45f6-5347-4cfd-8c1c-bbd9a5bc096b,ON,Maxi-700,669,669
670,ff876add-b4b0-43d6-bfbf-196c066bf54b,ON,Omega-500,670,670
671,1792e247-fe23-4ca1-9a97-65b728c2f111,OFF,Neo-3000,671,671
672,074a430b-c2ff-4186-bd32-9326ef16805a,FXNG,Tech-900,672,672
673,3c5bd952-1b24-4248-97d7-271cd7fd331d,FXNG,Power-100,673,673
674,ba7d3167-1a4b-4a05-8ad0-dd0fc4b5d663,BRKE,Alpha-200,674,674
675,2c669604-ec35-455e-91ce-ee723a0d8680,FXNG,Power-100,675,675
676,aa516250-4f46-453c-8256-adaae7de5d21,OFF,Zeta-800,676,676
677,5bb48960-286a-4cb5-ab62-1397be59f097,ON,Power-100,677,677
678,2825fe8b-c624-4712-9c33-9f3910559dfd,BRKE,Zeta-800,678,678
679,8268890b-a8b9-4ccb-9c63-39ead59fefb4,BRKE,Tech-900,679,679
680,b352c591-4e23-4ccb-bdb9-2d282d9d636a,BRKE,Maxi-700,680,680
681,1451bb64-747e-4621-ae5d-5beb935093cf,BRKE,Elite-600,681,681
682,f34e8957-43d3-40c1-961b-491c3c4d7e13,BRKE,Elite-600,682,682
683,79891801-aaae-4ac7-934f-d37947e12823,FXNG,Omega-500,683,683
684,94472fdb-86e0-4e14-9e6b-1a49b17f8a49,FXNG,Fusion-400,684,684
685,9c5d1f93-7773-4f07-9fe1-b5f10c383236,OFF,Tech-900,685,685
686,bc1070cf-47c8-4796-88a8-0cb1535f496d,OFF,Maxi-700,686,686
687,86e1b57f-4a9e-4509-8929-e56238ae57a4,OFF,Power-100,687,687
688,d8597fc0-a193-4ab9-adf3-68d3dd1f99d4,ON,Neo-3000,688,688
689,30a07b1b-d0ac-4ec8-b0f9-3c5054420441,OFF,Fusion-400,689,689
690,51ca5632-0ac4-4c56-bf78-70914e00c390,BRKE,Zeta-800,690,690
691,1506a0f3-c0b7-49ed-9b14-7180c151a5e2,FXNG,Tech-900,691,691
692,3f41290d-618e-4ad2-a2df-63835e8d3ad7,FXNG,Omega-500,692,692
693,98060523-631c-4e51-9632-ebddf0a16ba9,BRKE,Elite-600,693,693
694,08cc3bf9-8904-4ad7-ac30-d30e29a8ce71,BRKE,Fusion-400,694,694
695,736d3782-b775-4883-a8dc-086a04ac9bfa,ON,Tech-900,695,695
696,479e6c7c-4418-4521-a2e9-6e8255c812fc,ON,Fusion-400,696,696
697,5f919e82-c16b-45c2-9085-269b4a2e314c,ON,Zeta-800,697,697
698,3afe26c8-a69d-4619-9fb4-b2c90305106c,OFF,Tech-900,698,698
699,f86713cf-a769-4c7d-9f21-5d5b32a865d1,ON,X-1000,699,699
700,fe76e68a-b2be-447e-a8bc-23c32cb9ec3f,BRKE,Maxi-700,700,700
701,28c04d9d-918f-4991-91af-2af63c87603d,FXNG,Neo-3000,701,701
702,2a388b66-2a89-4023-b65c-64f29941724a,OFF,Tech-900,702,702
703,f6dca3b0-ae6e-49ce-bcf7-be5d539072a1,ON,Omega-500,703,703
704,69c53160-5a5f-4653-8e8d-6e9214cb5930,ON,X-1000,704,704
705,ae50f2d3-7617-47bf-b45a-1af781e870e1,OFF,Neo-3000,705,705
706,81534a8f-ea97-49c5-87d7-01010c2db13c,ON,Neo-3000,706,706
707,59f6e10d-ef1b-4a59-9a96-c4ed1528c14b,OFF,Maxi-700,707,707
708,5e8f75fc-30a4-431a-9cae-ff3641723af5,BRKE,Elite-600,708,708
709,9d8476ed-0587-4a56-92fc-81a772a341f6,OFF,X-1000,709,709
710,8cbbf098-b391-416c-bb63-ec6ff5966954,OFF,Omega-500,710,710
711,59e20003-5408-4a3f-accf-8d22507f1247,BRKE,Alpha-200,711,711
712,48d95116-9c32-4e13-84f6-bdbb6c730987,ON,X-1000,712,712
713,993aeb38-37c9-429c-a9fd-dcff0b2a53a0,FXNG,Power-100,713,713
714,46d514b4-6ad3-48c3-be6e-3f3c30b63a03,BRKE,Power-100,714,714
715,8cd94eb5-7f6f-4110-97c4-33fa8a74ef1b,FXNG,Omega-500,715,715
716,9ef7e990-e822-4505-87c1-0e7e1f8656dd,ON,Elite-600,716,716
717,380cc32e-06c4-482f-b02b-2b44e4306047,FXNG,Elite-600,717,717
718,de6ec196-a87e-410b-8710-39f7d8d836a7,FXNG,Power-100,718,718
719,6cc15387-ec5d-49c0-8eec-6fbe1430b875,BRKE,Neo-3000,719,719
720,567baaad-42c0-4362-9a67-ee7d3df5800b,ON,Maxi-700,720,720
721,f7764eef-b83e-4892-98bb-842fbc47df04,ON,X-1000,721,721
722,8c0476ae-4015-46f1-9c68-97d6582cc8b0,ON,Zeta-800,722,722
723,6c09aa85-1039-43df-8414-3287e0e63f10,BRKE,Maxi-700,723,723
724,d43148c3-6ffd-4805-a3ab-4673a8523015,BRKE,X-1000,724,724
725,54703239-b166-4e7c-a02b-39687b795842,BRKE,Fusion-400,725,725
726,8ddda886-779c-4e12-a308-a8492e77712b,OFF,Alpha-200,726,726
727,293a8397-d60e-4d62-b687-ff6100f617ef,ON,Alpha-200,727,727
728,9d4b9eeb-1a21-4430-a16e-8a7a17b6c84d,FXNG,Zeta-800,728,728
729,65a6fab3-9522-4094-bc6d-446d9496f0d7,FXNG,Alpha-200,729,729
730,05ea9626-05a1-4edd-bec6-3bb350b2eb12,FXNG,Neo-3000,730,730
731,08ad8ad2-c922-46c4-9453-64a2314806fd,ON,X-1000,731,731
732,b178526c-05e9-48c2-8dab-b766bb1b2ee3,BRKE,Elite-600,732,732
733,d8cdafb9-3522-4670-a6df-223dd118bbe5,BRKE,Elite-600,733,733
734,e648eb04-8079-418a-b6f4-92bec3b32850,ON,Omega-500,734,734
735,a90f0a3b-c23a-46bc-9d08-d9e29bedefda,FXNG,Omega-500,735,735
736,12dff240-fa36-434d-9340-20707b7baa9f,ON,Tech-900,736,736
737,3b044c6c-41c3-4a26-b69d-fbf4705c62a6,OFF,Omega-500,737,737
738,3f63b932-974e-4367-9b94-a6a543919a7f,BRKE,Power-100,738,738
739,e58f3211-cce0-46de-9e6d-1abe676b5e3c,BRKE,Neo-3000,739,739
740,a698cc30-ee03-4113-bff7-842c21d71619,FXNG,Maxi-700,740,740
741,41bc70c5-1c72-401a-b4dc-9eaaf59c0965,FXNG,Maxi-700,741,741
742,8f0dc8f1-02eb-462b-ad9a-b9038570a42f,OFF,Power-100,742,742
743,30daf5f4-b127-4a2f-9dce-ab72ab369e8d,FXNG,Neo-3000,743,743
744,aa7e0249-0e2e-4670-b403-18978d70080f,FXNG,Maxi-700,744,744
745,9bf59d01-536d-4d88-81a7-ceff3a878bb5,BRKE,Alpha-200,745,745
746,4f454008-5cd2-478a-8cd2-40035f1b520e,FXNG,Power-100,746,746
747,a02b1d56-f391-46a4-b9cb-b96f0cfaf50c,BRKE,Power-100,747,747
748,58d54ad8-5100-4644-bb97-f988981a1540,ON,Fusion-400,748,748
749,a7cd8488-e49f-414c-9228-33cece217f9d,ON,Power-100,749,749
750,93f12313-5977-467f-ba23-8e27dbfe1ea6,OFF,Zeta-800,750,750
751,c2d44d59-e9f6-4f14-b341-7203e06eb54b,BRKE,Maxi-700,751,751
752,dbeadd8b-9d9d-41db-85ad-47429ede1998,ON,Elite-600,752,752
753,89295ab7-98de-4c7b-aa90-7dd3edcfef1e,OFF,Neo-3000,753,753
754,20845ebf-facf-41d9-9b78-e295601b11d4,OFF,Maxi-700,754,754
755,17fa422c-be07-442d-8eb3-607d214a8ffa,ON,Maxi-700,755,755
756,18d0f4b7-2880-417f-af28-a37201a86d85,BRKE,Elite-600,756,756
757,7fb5f021-2e21-4414-8a06-9fcc397c94db,ON,Omega-500,757,757
758,99e2e897-3020-400d-9556-d05ca93cd861,BRKE,Zeta-800,758,758
759,f8f63505-f6ec-4d4f-a248-08e937e0fc29,BRKE,Maxi-700,759,759
760,07aeec37-e154-4b86-8b64-4a6edf61c31c,BRKE,Omega-500,760,760
761,c886051d-79c7-432b-a8ba-33dd377d5937,FXNG,Elite-600,761,761
762,31308eab-23cd-49eb-9657-2475fec9c2d4,ON,Tech-900,762,762
763,dd3f43bb-6748-483a-9fe3-2ab93b79c84e,FXNG,Tech-900,763,763
764,25078817-102d-4b56-a4dc-61f919d6df5e,FXNG,Alpha-200,764,764
765,eb181b23-2f3a-41b7-abe9-cd02d86ad0c2,FXNG,Omega-500,765,765
766,99aa6bdb-8330-41ba-955b-3572276a3add,OFF,Neo-3000,766,766
767,c63f0a9e-b1d7-4717-8521-c543539f7b03,ON,Power-100,767,767
768,211f44fb-50ee-4f78-af2f-a6fe15ea3222,FXNG,Maxi-700,768,768
769,77b26569-2ba6-4597-a753-06038429702f,OFF,Power-100,769,769
770,3c65a53b-a001-478f-9c81-9ec947007fc2,ON,Alpha-200,770,770
771,651ff94d-f5db-478b-b9f6-8e52d5c5942f,FXNG,Neo-3000,771,771
772,94b34e66-f38f-4a26-bc8b-18a66e4f6966,BRKE,Maxi-700,772,772
773,8cd55817-b03e-4c0f-8f77-3eb80fe5b06c,BRKE,Fusion-400,773,773
774,65141cea-a51a-440a-bdc3-abcecf2bd1e1,FXNG,Neo-3000,774,774
775,c748cab4-29bc-4d00-b830-94522bd4bb74,ON,Maxi-700,775,775
776,8a3785a5-3238-4bb8-842f-f60f7145934e,BRKE,X-1000,776,776
777,c9924d22-14c1-4b14-b91b-394b3730645f,FXNG,Tech-900,777,777
778,0ead190d-b856-44fa-92cb-20d42c427e49,ON,Tech-900,778,778
779,e0600846-c61a-4639-95d8-4796c0e8f098,FXNG,Alpha-200,779,779
780,535c7f23-489d-4321-becc-a14176b5a25b,FXNG,Tech-900,780,780
781,dae29104-770d-4302-a7ed-29ac1c8c61a1,OFF,Zeta-800,781,781
782,397a6bc7-ed55-42fd-b031-3bc61423db8a,ON,X-1000,782,782
783,76002146-88a0-4eaa-9241-3affab6cbd78,ON,Elite-600,783,783
784,b657e7e1-1ccf-4fa3-af77-15814d23ae3e,FXNG,X-1000,784,784
785,e6af5764-5382-4f5c-b216-c20ca18903c2,BRKE,X-1000,785,785
786,e897a396-0ff1-48f0-ba63-4b5bb3722f25,FXNG,Tech-900,786,786
787,e606f04b-a1f7-4226-b6c5-f337e5739d3e,ON,Tech-900,787,787
788,6729a0cf-ab63-4020-9a0b-90628bacca24,BRKE,Omega-500,788,788
789,72abf6d8-8be5-4ab4-892b-33db2f3fa4c0,FXNG,Tech-900,789,789
790,55c0e231-a0ba-4bef-96ac-1c203670104a,OFF,Tech-900,790,790
791,1f59aeeb-b291-4c22-8d96-e1109acee892,OFF,Tech-900,791,791
792,4e1bdb6b-ae5c-4d0e-8c25-2389807d8be4,BRKE,Alpha-200,792,792
793,5636790b-6b19-45f8-8a98-67b7186efcd0,ON,Alpha-200,793,793
794,8e7e700c-764e-4cdd-aa71-3a4598e2098c,OFF,Tech-900,794,794
795,923c8f26-3e75-4ce1-b946-bdc0020b6a68,ON,Tech-900,795,795
796,f7b62185-57d9-4d8e-8c14-95f575c0d887,BRKE,Elite-600,796,796
797,eeaa5048-0a53-4ace-b96f-1e4263a44a9e,BRKE,Alpha-200,797,797
798,5d8e97a1-9ec9-4f7e-ab61-ee94965e7d12,FXNG,Power-100,798,798
799,c12a4e0a-13ff-43c2-99ab-453b952f8c9c,BRKE,Fusion-400,799,799
800,848736d0-70f8-40f4-b99f-a08a745e68f4,ON,Neo-3000,800,800
801,22214ab5-e968-4abf-92f1-7a7db6de082a,FXNG,Power-100,801,801
802,33abd3ed-1672-4a59-941f-218a7b0cd919,FXNG,Alpha-200,802,802
803,9ad99680-a9b6-4ac8-a16d-9bee9e557f27,OFF,Zeta-800,803,803
804,81ab7f83-269e-4f64-a551-a6bec2a0d61d,FXNG,X-1000,804,804
805,5988d3b7-ece6-4159-b350-3635ef42fd86,OFF,Alpha-200,805,805
806,c6f76bae-a55c-45d9-a33d-d3b0b72c8636,FXNG,Tech-900,806,806
807,1f28b095-5b7a-48fd-bb3d-c14f6ed4f2a1,ON,Maxi-700,807,807
808,25dd682e-6857-4842-bf56-ffea913c0bf2,OFF,X-1000,808,808
809,fb2fe65c-9fa9-4f5e-ba27-a1182d6613ea,ON,Zeta-800,809,809
810,54eb5311-31b6-465e-8e2d-50bd905f4130,ON,Zeta-800,810,810
811,bb38331e-90c5-49db-b1f8-ae4e43d3f327,ON,Fusion-400,811,811
812,b9b343f7-e91a-4135-b057-df5539e73ddd,BRKE,Fusion-400,812,812
813,ef150554-e920-4df9-9465-d10d5855f077,OFF,Alpha-200,813,813
814,579bc03f-1a76-45e3-9d02-54ca09b1cf9a,ON,Fusion-400,814,814
815,1068db68-9943-4a85-8883-0018773f28da,OFF,X-1000,815,815
816,dcf4da19-8ade-4881-8401-15e1af890a53,BRKE,Tech-900,816,816
817,6a39af22-ca3d-4393-880f-98c8cbea09fd,ON,Elite-600,817,817
818,04963425-c9bd-46b0-8315-8f37503ce262,ON,Omega-500,818,818
819,0a691ca1-ba50-409e-b682-b3cec50846fb,ON,Power-100,819,819
820,55998fd8-0052-4c1b-aeae-e2658624e2f4,OFF,Fusion-400,820,820
821,b8b1b27c-0f47-4c84-8f8b-42d1ec37028b,ON,Neo-3000,821,821
822,83e4fa82-b34e-4f95-8e26-43424e9a7167,FXNG,Tech-900,822,822
823,f8aac00a-b521-4a56-8cce-dfed6baa3e3c,OFF,Maxi-700,823,823
824,a552a8fe-6f87-4359-9d9a-0cf6483e7ea9,FXNG,Omega-500,824,824
825,3e07d397-4f3c-4638-af1f-a8f506a4089c,BRKE,Tech-900,825,825
826,8d482a00-972f-4749-8aed-ed762427dc3a,OFF,Tech-900,826,826
827,d0276388-95f0-4d68-ba64-7101da1640b9,FXNG,Zeta-800,827,827
828,9e2b3c54-b6d5-49af-8e69-66cae44bc485,ON,X-1000,828,828
829,a3e00da4-2e6c-4738-b5cf-6422b10a44aa,OFF,X-1000,829,829
830,369fdd57-0884-4c2e-89e1-282e0c0a3dd0,ON,Alpha-200,830,830
831,84f8e363-a25f-4357-943e-c840f92ce463,ON,Neo-3000,831,831
832,d3946ae6-b049-4b06-b140-4d657afbaa9c,ON,Elite-600,832,832
833,69f6a38a-ba9f-4172-8b91-6e6e5cb0df78,OFF,Alpha-200,833,833
834,794602ce-545b-47e2-92ab-d8acc1fc9b91,FXNG,Neo-3000,834,834
835,3e878772-31bf-4065-97f7-26a9199ad6c3,ON,Power-100,835,835
836,6e94aaa6-3c5c-4591-bed2-4fdcac1cce8a,BRKE,Neo-3000,836,836
837,e4b0c758-b108-4478-bd25-f5f6e4815590,OFF,X-1000,837,837
838,69a707cb-6227-4c23-857c-0843f8e6b044,FXNG,Tech-900,838,838
839,e264b438-a925-4d61-901e-2af631aa3c2b,ON,Fusion-400,839,839
840,e349c64d-8360-4bf3-80cd-88fd2d537e64,BRKE,Tech-900,840,840
841,25cfd0fb-8a1b-406d-ae9a-183b37e8c8c4,FXNG,Maxi-700,841,841
842,77fe4cb8-c1a8-4304-b91d-fdc136e78b19,OFF,Maxi-700,842,842
843,7dd205f9-cd4c-43d4-ac83-23d9f8ace70e,BRKE,Power-100,843,843
844,a823eefa-74ac-480c-bfef-f5d690eaeb74,BRKE,Neo-3000,844,844
845,fb44d42b-9c24-4da3-90f1-d1e206dcaa87,OFF,Omega-500,845,845
846,ca51fdfd-65ad-430a-8f44-f6f4198cb655,ON,Tech-900,846,846
847,e81855f6-7d3d-4b7a-a695-6a5d5895b21d,BRKE,X-1000,847,847
848,d2324184-6a18-4d83-bb19-7929a8236986,OFF,X-1000,848,848
849,6d9caa08-75d7-4bf3-9913-ed425af99e41,ON,X-1000,849,849
850,956e5dee-3269-41cd-81a2-a59301becf20,OFF,Alpha-200,850,850
851,5303da7c-ad98-4474-ab42-ee18e85931af,FXNG,Zeta-800,851,851
852,38be5109-d35a-4d73-b346-f2966c20f6ed,OFF,Zeta-800,852,852
853,95da9407-c6b3-48f3-9859-9379fe541dbd,OFF,Elite-600,853,853
854,76df2c0c-140a-42ed-836e-4fa767996d36,OFF,Elite-600,854,854
855,c5ecb69a-79c2-4ceb-b0cd-d2a67baf0af3,BRKE,Elite-600,855,855
856,1ab9e323-1e20-4553-85c1-b4d9ae060c6c,OFF,Omega-500,856,856
857,aff93f89-ea15-451d-a519-1c79948bc13c,ON,Power-100,857,857
858,7236ed2a-b16c-4dd5-889e-59ff5f2fe680,FXNG,Fusion-400,858,858
859,1581ae29-bd87-4891-ae43-a6874f0b04bc,OFF,Fusion-400,859,859
860,f4c503aa-17ba-4e33-910e-acffec4dc226,BRKE,Power-100,860,860
861,dcef7f49-1384-4b36-b8f7-6eb656d9e5ea,ON,Neo-3000,861,861
862,0797e278-bee0-4818-b813-2b81fd9da5db,OFF,Fusion-400,862,862
863,ecc72708-41dd-4ab0-87c6-f333eae3a0c1,OFF,Power-100,863,863
864,d20c5277-8a87-4eeb-8db2-ac7e3b22e44c,ON,Tech-900,864,864
865,28a324ba-8af9-497f-8b9c-e8d4bea181bc,BRKE,Neo-3000,865,865
866,3f293b74-d8b4-45f1-b6af-3392f0952725,OFF,Zeta-800,866,866
867,f5ffa713-656f-41e1-8ed2-466f5527b120,OFF,Tech-900,867,867
868,74503aff-ca71-45b7-8bc8-bd35d568a46c,OFF,Zeta-800,868,868
869,1f78b367-a208-462b-91c3-e9db12859818,BRKE,Fusion-400,869,869
870,660a5b63-bc75-4ac5-a09c-ab74dffb0a36,OFF,Fusion-400,870,870
871,0e86a0db-dd2e-4f01-9ce0-f547dfba31f9,OFF,Elite-600,871,871
872,7ffc2f06-b9b7-49fe-825c-ec393ef4c20e,FXNG,Elite-600,872,872
873,aea04483-66e9-4864-a9f1-c564e1859023,ON,Power-100,873,873
874,f275b9ce-43b1-4276-b64e-1153541bc18b,FXNG,Tech-900,874,874
875,28e14b8e-a9f2-42fd-a1b1-ec204fdf555b,BRKE,Zeta-800,875,875
876,8a65c6bb-39dd-4a45-bc44-0933af9cb152,FXNG,X-1000,876,876
877,37b02918-37db-4f38-892f-e5f6ab5c66a9,BRKE,Alpha-200,877,877
878,47179c6c-5eea-43c4-a13b-9b8fa33b5b41,BRKE,Fusion-400,878,878
879,ed540248-7cd2-4fcf-8b53-83d3c0b54bad,FXNG,Alpha-200,879,879
880,1361629d-d45a-4f89-b26e-5e702d1ac3b4,BRKE,Neo-3000,880,880
881,0124c9bb-a92d-4287-b744-56bc92c48bf9,ON,Elite-600,881,881
882,852c1d39-6418-4cc4-a6a4-45c70e73cef5,BRKE,Elite-600,882,882
883,bc5da96b-92a3-4f46-8ea8-dcdf46541d93,OFF,Fusion-400,883,883
884,8f8b7725-d421-4cec-98e0-5162df56bcc0,BRKE,Tech-900,884,884
885,b679e95d-4b1c-4509-bd92-d0b37d5cdf4a,FXNG,Power-100,885,885
886,b4e2780b-ca8e-406a-8b9c-419e2dbf39de,BRKE,X-1000,886,886
887,e6329b0f-b036-4f3a-8e5b-17b0df32c9c2,OFF,Fusion-400,887,887
888,3750f380-88bf-4f83-92c1-526425dd532a,FXNG,Neo-3000,888,888
889,6c5fdfe5-85fa-4cb2-b857-32d064e24f8d,BRKE,Omega-500,889,889
890,e93d933e-d98d-4191-936a-3f79248bfb68,OFF,Maxi-700,890,890
891,78823cb8-0a67-4b09-932f-8ee546f3ae5a,ON,X-1000,891,891
892,cc2c0acb-7914-4113-820e-fd61427ac6c1,OFF,Alpha-200,892,892
893,59155f14-e802-4975-9c04-4af1b0219687,OFF,Power-100,893,893
894,be6e4ca1-cd33-449a-b2cb-0e687f8d4725,FXNG,Fusion-400,894,894
895,5fba0e8f-f53f-4deb-9d02-514da0ecb960,OFF,Maxi-700,895,895
896,b924aa44-e2c3-4be8-9eaf-a02749353e44,ON,Alpha-200,896,896
897,e2c4d71f-1497-4c39-ab19-7d1940d55540,BRKE,Alpha-200,897,897
898,c539ee96-a435-44da-86cd-b4f7c4c8e476,BRKE,Zeta-800,898,898
899,919d23e9-73e0-4bcc-9d4c-46d63eb942ed,BRKE,Omega-500,899,899
900,5f815005-22b6-430f-968a-72b29d885d39,OFF,Maxi-700,900,900
901,5a658c39-1441-426c-80e2-91f17a8ee2bd,BRKE,Fusion-400,901,901
902,5a1c6d5f-4c38-44d7-bf64-02017e2b74b8,FXNG,Elite-600,902,902
903,d0467459-a4f1-446a-90bf-d3db6b2062f4,OFF,Tech-900,903,903
904,ccbeb3d9-7782-46a3-85c2-db4b11c6d1f5,BRKE,Neo-3000,904,904
905,c36b32d1-f25d-4acc-8513-7d5bb1218886,FXNG,Alpha-200,905,905
906,7de25dcf-cf5d-448f-b216-23926be88e1b,BRKE,X-1000,906,906
907,b48c9b1e-77f7-4767-ad1a-4194d7719d8c,ON,Tech-900,907,907
908,e284c166-2e1d-40c8-b862-5c315bdd1163,ON,Omega-500,908,908
909,9dd12774-902d-4368-9bb4-be0c33cd9b17,OFF,Elite-600,909,909
910,3e6a0d7c-2a6a-4bb2-b4d1-f0a96a5cc19b,ON,Tech-900,910,910
911,79585e24-235b-4b96-bf29-6c4754e7ab51,OFF,Zeta-800,911,911
912,db0925cc-1041-49f1-962c-6b6b807860ee,OFF,Omega-500,912,912
913,8efc6ba1-1096-41dc-be48-823af6d26f15,OFF,Maxi-700,913,913
914,47474eb6-8e13-44ff-9a26-af8f95cd1c73,BRKE,Omega-500,914,914
915,2988cb6b-578e-409b-909f-a8fdea0b5917,ON,Fusion-400,915,915
916,c652bb51-85ae-4bd1-969b-afdb84c5e440,FXNG,Power-100,916,916
917,7ac48dea-4571-4627-a445-ab90be35ad1e,FXNG,Elite-600,917,917
918,adadef76-40d7-4726-917d-b3d2a8606d63,FXNG,Omega-500,918,918
919,549b48e3-c93a-4e73-b4a0-b40f4426532a,OFF,Zeta-800,919,919
920,f71034c7-2bcb-4abd-aa90-baeb0ad431a9,ON,X-1000,920,920
921,0ed0df0e-e335-4626-add5-31d54b3d6330,OFF,Elite-600,921,921
922,daa99f58-6f57-4b7a-940d-e04172b0e3fd,OFF,Tech-900,922,922
923,5454402a-e703-46fc-8178-5290500a781c,ON,Alpha-200,923,923
924,d01678fe-34ee-40b7-9f79-55d7f2831010,FXNG,Neo-3000,924,924
925,6b8ffc72-eb68-4756-842a-7309395d6e77,FXNG,Neo-3000,925,925
926,622a90fe-8dd2-4ebf-9ac7-9abe828af7f5,ON,Neo-3000,926,926
927,3625e1a6-9d4e-464b-bc91-7d16685c680c,FXNG,Power-100,927,927
928,6ede1f02-ca68-4998-9b16-6065f56fe94c,ON,Fusion-400,928,928
929,b59ce819-f227-405b-a2eb-0502ca7eaf51,ON,Power-100,929,929
930,f5752cfd-7a73-4c35-b9c7-c8e76baa6c8f,OFF,Omega-500,930,930
931,5e5be92c-21e5-4e61-a48d-4015a43a59da,OFF,Power-100,931,931
932,129a2669-68a7-412f-88e7-7b6b5ad48ab4,BRKE,X-1000,932,932
933,ec8105ff-0d3f-4563-a0fe-bffe3dbdf2ca,FXNG,Zeta-800,933,933
934,38535784-3e60-4e20-81fb-76718bb0a53a,ON,Zeta-800,934,934
935,de550572-d4ff-49d8-9ba2-796ab71e07e4,OFF,Omega-500,935,935
936,20c502d2-2e58-4796-9403-a5d16bb8adb2,BRKE,Power-100,936,936
937,068c2a43-9f37-482e-9fdc-1d28c35dd6ca,BRKE,Tech-900,937,937
938,91b390f6-a02b-481e-b54d-829b7d85ec9f,ON,Zeta-800,938,938
939,061fd1a8-c419-41b4-978d-90f728aa7e20,FXNG,Fusion-400,939,939
940,879eb31e-c43e-43b7-ba18-45896304fc50,FXNG,Tech-900,940,940
941,d20bc188-667e-464e-8dc2-0665ec91e675,FXNG,X-1000,941,941
942,8bab2a01-59ac-4b94-a1c7-cee5fd73763d,OFF,Power-100,942,942
943,19f1b3bc-18ec-446f-92cf-7de77e31ddf0,FXNG,Omega-500,943,943
944,36696391-e6c3-4294-9e62-38b845db3c0e,OFF,Zeta-800,944,944
945,65381150-5a3c-4e60-a0f3-c2ffdd870936,BRKE,Tech-900,945,945
946,23c07ce2-cdec-47d0-975a-b3fcc4d4410a,OFF,Fusion-400,946,946
947,804230ca-cce0-42d0-b4cc-bd0c5db6b307,OFF,Power-100,947,947
948,9a588da5-182e-44a9-856e-4cf137dc3d83,BRKE,Power-100,948,948
949,c5f08554-a8b0-437f-8023-de5422897ebe,FXNG,X-1000,949,949
950,aa3bc7ef-bf96-49f4-a1c6-d95229e99e31,ON,Elite-600,950,950
951,2cd8f334-9af9-4655-b171-7596b48c890e,FXNG,Zeta-800,951,951
952,918ea67d-4a62-42d6-923b-2ff2b4f03354,ON,Tech-900,952,952
953,d5659fef-a9c1-4496-885c-d0b23e591344,BRKE,Alpha-200,953,953
954,c4d4b914-8c31-4f7d-87b2-7ef35c472343,ON,Maxi-700,954,954
955,47ddb1b3-1ea0-4a59-b36a-9f2ade65115f,ON,Alpha-200,955,955
956,1c57f05c-88f0-4a1d-a52e-689b441af88f,BRKE,Tech-900,956,956
957,3e083ff9-4ec1-406a-9673-f084d25fce8a,FXNG,Zeta-800,957,957
958,d7beef18-9d3a-48e1-a7f6-e0ae98909ad5,ON,Fusion-400,958,958
959,eac06f42-11ac-43bd-a864-b9eb84371d9d,FXNG,Neo-3000,959,959
960,de242e39-3f7d-477e-b0f0-75143b408b52,OFF,Power-100,960,960
961,4ba7ee46-de74-411b-9443-04fb3cf3ad69,OFF,Alpha-200,961,961
962,99cee631-8228-4b76-b4dc-8228369befe1,ON,Power-100,962,962
963,86f6ab55-5a66-42d2-8db7-a3792b046506,FXNG,Elite-600,963,963
964,327e3476-581d-486f-92d3-277b4df27e62,OFF,Omega-500,964,964
965,049509b3-d8a5-47d6-9036-fdc4ea2e603f,OFF,X-1000,965,965
966,4f80c06e-4fe8-491b-a784-f5eb22970d9f,ON,Fusion-400,966,966
967,20b941e9-b617-4fdc-ac18-30d9c919e916,BRKE,Elite-600,967,967
968,a15a4f2e-cf7c-4b79-8259-8258eb63db52,OFF,Maxi-700,968,968
969,e7a3bc69-4744-4c61-a5a0-321f06adf479,FXNG,Fusion-400,969,969
970,74daf643-4c71-4fdf-97a0-5ce99c1689ac,BRKE,Alpha-200,970,970
971,cb5545c9-1c89-48f6-a76d-a45e80357726,ON,Maxi-700,971,971
972,54cbdb5d-0d2e-4c13-aa6c-41b8cf1f38f2,OFF,Maxi-700,972,972
973,2cd822ed-91b4-444a-b124-4b0f35c19038,OFF,Fusion-400,973,973
974,ee861885-52b7-436f-97ae-0f43aeab34b9,OFF,Zeta-800,974,974
975,734fad3b-069f-4a46-95fa-b1091fdd7f9a,ON,Maxi-700,975,975
976,99702fac-749f-4a12-ae03-8aada2c10929,ON,Fusion-400,976,976
977,90916ed4-73fb-4ff1-8944-5884738439c5,FXNG,Omega-500,977,977
978,941a02d9-d494-4884-9905-9af52757510d,ON,Omega-500,978,978
979,a66c7f7e-eeed-4c07-b107-77b2309332ec,OFF,Fusion-400,979,979
980,443a0c52-58c4-4a6c-a7c8-dd1714c192bd,FXNG,Neo-3000,980,980
981,1051bd1d-c46a-4b43-83e3-d3a85ce39ba4,FXNG,Maxi-700,981,981
982,0a3a13af-f053-4ed4-b469-ddb27477ce50,BRKE,X-1000,982,982
983,f9e0c8ef-4f05-4f14-8e38-089950b70903,ON,Elite-600,983,983
984,629213b0-754c-4ce7-bd83-d3c5c0ff13ea,ON,Zeta-800,984,984
985,5363d509-3754-4f55-9e2e-6a6c49750c8c,OFF,Omega-500,985,985
986,4a33dba6-7a28-49f1-b03a-887f9c59df09,BRKE,Fusion-400,986,986
987,b8dc8cbb-cabf-48e9-95a0-1e35ad6adbc0,FXNG,Maxi-700,987,987
988,56515c8b-eb9d-4bc5-b937-d9efa7be8c19,BRKE,Zeta-800,988,988
989,1fe7ab56-a76e-4a51-8cf1-6a484cbb649b,BRKE,Fusion-400,989,989
990,363d966f-e14e-4939-95b2-4407f59a675d,ON,Elite-600,990,990
991,f7372b15-3b83-4aa9-aaa5-067bb3aae4f8,FXNG,Neo-3000,991,991
992,e598c6c3-8014-492c-9a3e-25ed5d6b910c,OFF,Tech-900,992,992
993,d2d971ba-1348-418f-9c0b-eaec2b9f11d9,OFF,Alpha-200,993,993
994,8b5342ea-bdce-43e3-863f-0d7dbf06efc5,ON,Omega-500,994,994
995,fcfc6af8-1e65-4efe-b487-e1e9ce989829,FXNG,Alpha-200,995,995
996,a8b3af1f-9b02-4a2b-996b-543298598998,OFF,Elite-600,996,996
997,c517c464-1e98-47e6-b036-b2ba45e5b90a,BRKE,Omega-500,997,997
998,3edd7206-ed20-4773-849d-44fe07f38250,FXNG,Omega-500,998,998
999,4c246161-50a8-4ce6-8afc-4caf085ea1eb,OFF,Fusion-400,999,999
1000,185a226d-28e9-4d19-a0b4-bfb4f1cb7916,OFF,Fusion-400,1000,1000
