period_register_id,day,day_week,hour,minute,period_of_the_day,month,year,register_time,advertising_id
1,26,FRI,13,3,SUNR,APR,2023,2024-05-20 01:20:49,1
2,17,SAT,20,7,MORN,FEB,2023,2022-10-02 01:34:09,2
3,9,SAT,14,3,LTNIG,DEC,2023,2021-01-13 11:54:15,3
4,16,THU,24,47,DUSK,FEB,2023,2024-07-06 23:23:50,4
5,15,MON,7,11,EVEN,APR,2024,2021-11-17 08:17:45,5
6,15,TUE,16,55,MIDD,FEB,2025,2020-10-23 14:20:06,6
7,11,TUE,18,36,NIGHT,FEB,2025,2022-11-27 23:59:33,7
8,29,MON,4,38,NIGHT,NOV,2024,2022-02-09 21:30:42,8
9,2,THU,24,9,NIGHT,OCT,2020,2024-06-17 23:23:21,9
10,29,SUN,21,39,MIDNG,SEP,2024,2024-10-10 22:07:51,10
11,27,SUN,1,13,MIDNG,JUN,2022,2023-06-03 15:20:57,11
12,7,WED,22,54,SUNS,DEC,2023,2022-02-12 11:23:42,12
13,21,SAT,2,27,MIDD,SEP,2020,2024-01-02 00:03:26,13
14,10,FRI,3,16,TWIL,JUN,2022,2024-12-04 12:00:55,14
15,27,THU,13,37,AFTER,NOV,2025,2021-05-21 12:23:35,15
16,31,SUN,8,21,SUNS,FEB,2023,2021-02-21 09:23:45,16
17,26,THU,18,1,TWIL,AUG,2024,2023-06-27 06:01:05,17
18,26,SAT,17,33,TWIL,APR,2021,2023-01-17 06:59:46,18
19,11,WED,23,23,LTNIG,DEC,2024,2024-02-02 05:04:04,19
20,9,THU,18,32,EVEN,OCT,2023,2022-05-28 18:27:03,20
21,4,SAT,23,48,NIGHT,JUL,2022,2022-01-29 16:55:09,21
22,10,WED,9,25,SUNS,MAR,2025,2023-07-11 08:25:27,22
23,21,FRI,2,54,DUSK,JUL,2020,2022-06-01 18:36:33,23
24,28,SUN,7,44,SUNR,JAN,2024,2023-12-12 15:18:45,24
25,26,THU,1,53,TWIL,MAR,2021,2024-02-09 00:20:51,25
26,6,TUE,1,48,LTNIG,DEC,2020,2021-01-13 22:24:48,26
27,2,MON,23,27,LTNIG,OCT,2021,2021-10-30 11:52:09,27
28,3,WED,16,25,SUNS,JUN,2022,2022-02-24 22:26:42,28
29,23,MON,15,18,EVEN,FEB,2020,2021-04-25 19:20:48,29
30,9,SUN,18,23,NIGHT,NOV,2022,2021-09-27 20:07:36,30
31,28,SUN,13,14,MORN,MAY,2025,2023-08-22 18:08:48,31
32,1,SAT,9,37,SUNR,MAY,2025,2020-11-29 18:16:35,32
33,30,WED,13,10,SUNS,SEP,2022,2022-03-28 11:57:24,33
34,29,MON,2,20,MIDD,OCT,2025,2022-12-25 17:31:37,34
35,16,WED,8,55,MIDD,JUN,2023,2024-11-05 03:23:02,35
36,23,MON,15,57,TWIL,FEB,2021,2023-10-03 03:57:47,36
37,19,SUN,13,33,SUNS,NOV,2020,2024-04-05 05:50:05,37
38,25,SUN,3,29,MIDD,JUN,2022,2023-12-02 23:28:15,38
39,9,FRI,17,23,AFTER,JUN,2022,2022-08-14 17:22:02,39
40,5,SUN,6,41,LTNIG,DEC,2021,2023-08-29 08:58:24,40
41,15,THU,7,8,CRKD,JAN,2022,2021-10-09 11:30:15,41
42,16,THU,16,13,MIDNG,JUN,2022,2022-08-19 18:59:50,42
43,27,THU,14,55,MIDD,FEB,2021,2023-04-20 15:35:43,43
44,17,WED,23,50,EVEN,JAN,2020,2020-10-02 18:23:51,44
45,8,WED,22,40,NIGHT,NOV,2025,2023-04-03 06:16:24,45
46,29,MON,8,10,SUNR,DEC,2022,2023-10-13 20:45:45,46
47,24,MON,17,5,AFTER,OCT,2020,2021-02-24 18:25:44,47
48,12,WED,9,13,CRKD,SEP,2020,2022-03-21 03:49:41,48
49,11,MON,5,22,SUNS,APR,2021,2023-02-19 08:59:11,49
50,9,SUN,15,2,NIGHT,APR,2020,2023-09-21 23:31:28,50
51,29,WED,2,25,SUNR,MAY,2022,2020-11-26 04:54:23,51
52,6,THU,19,25,CRKD,SEP,2021,2021-02-05 20:46:52,52
53,4,SAT,15,8,MORN,OCT,2025,2023-12-17 00:12:23,53
54,3,SAT,14,39,NIGHT,DEC,2023,2023-08-13 11:18:33,54
55,5,SUN,23,49,AFTER,FEB,2022,2021-02-20 07:41:47,55
56,15,FRI,15,0,SUNS,JAN,2024,2023-07-07 04:00:22,56
57,21,WED,1,27,SUNS,SEP,2023,2021-06-28 10:59:48,57
58,27,SUN,9,31,MORN,JUL,2020,2021-10-11 10:16:49,58
59,6,TUE,11,38,LTNIG,OCT,2025,2023-12-29 07:45:15,59
60,22,SUN,15,17,MORN,MAR,2022,2022-01-05 13:38:24,60
61,12,MON,2,6,MORN,DEC,2022,2022-12-14 18:21:57,61
62,22,SUN,9,26,EVEN,JUL,2021,2022-07-01 06:31:39,62
63,28,WED,20,11,MIDNG,APR,2020,2024-03-20 11:19:40,63
64,23,THU,20,54,MIDD,APR,2020,2022-02-05 02:20:04,64
65,27,MON,17,40,TWIL,APR,2025,2022-10-01 06:04:16,65
66,3,SAT,1,5,AFTER,SEP,2023,2021-05-18 11:22:00,66
67,20,SAT,23,42,TWIL,JAN,2021,2021-09-06 14:39:51,67
68,22,THU,4,18,MORN,FEB,2024,2023-07-18 17:42:34,68
69,14,THU,18,16,SUNR,JUL,2025,2021-07-20 06:58:39,69
70,20,SUN,7,8,SUNR,SEP,2021,2023-03-21 04:29:50,70
71,25,FRI,6,2,SUNR,DEC,2023,2023-08-21 09:20:33,71
72,12,SUN,9,52,EVEN,AUG,2024,2024-10-02 06:52:58,72
73,23,SAT,14,25,MORN,FEB,2024,2024-06-25 19:39:00,73
74,9,SUN,1,23,AFTER,JUN,2023,2022-12-01 15:00:34,74
75,1,WED,6,49,TWIL,DEC,2021,2021-03-20 07:19:52,75
76,13,SUN,20,14,DUSK,AUG,2021,2024-04-12 06:04:38,76
77,19,MON,22,54,SUNS,MAY,2021,2022-04-18 17:19:12,77
78,5,WED,6,35,CRKD,JUN,2022,2022-11-15 23:10:26,78
79,2,WED,13,50,DUSK,JAN,2020,2023-08-29 16:25:03,79
80,5,THU,21,3,NIGHT,APR,2021,2022-11-28 03:53:41,80
81,23,MON,16,6,SUNR,OCT,2021,2023-07-17 01:39:56,81
82,18,MON,16,25,NIGHT,SEP,2022,2023-06-07 00:39:02,82
83,20,SUN,21,8,MIDNG,JUN,2025,2021-06-09 00:47:59,83
84,26,SUN,15,52,LTNIG,DEC,2024,2022-05-30 17:00:24,84
85,7,WED,6,21,MIDNG,MAR,2020,2023-06-30 15:28:51,85
86,9,SUN,19,6,AFTER,DEC,2025,2022-03-05 19:30:25,86
87,3,FRI,5,31,MIDD,DEC,2025,2022-07-05 16:48:24,87
88,7,SUN,2,21,TWIL,AUG,2022,2024-08-02 05:55:21,88
89,25,THU,17,38,MORN,MAR,2024,2023-01-23 16:18:36,89
90,28,MON,21,15,MIDD,FEB,2020,2022-03-24 14:29:14,90
91,22,SUN,7,12,AFTER,AUG,2022,2023-05-07 08:11:40,91
92,15,FRI,1,2,MORN,SEP,2021,2023-10-30 06:19:30,92
93,24,SAT,16,10,EVEN,NOV,2025,2023-06-11 07:03:55,93
94,2,THU,7,35,MIDD,MAY,2025,2023-08-03 04:07:34,94
95,5,SUN,10,48,SUNS,FEB,2023,2023-11-20 19:48:35,95
96,29,THU,23,11,AFTER,JUL,2023,2022-09-03 03:41:02,96
97,19,SUN,5,36,TWIL,FEB,2024,2024-07-09 04:49:49,97
98,25,SAT,7,9,SUNR,JUN,2024,2023-10-04 20:37:04,98
99,27,SAT,14,3,SUNS,DEC,2023,2020-12-07 09:24:02,99
100,18,THU,22,3,DUSK,JAN,2025,2024-08-27 18:20:22,100
101,4,WED,8,19,NIGHT,APR,2024,2021-12-08 16:40:42,101
102,16,FRI,2,11,DUSK,JAN,2021,2020-11-24 23:14:49,102
103,21,FRI,22,54,LTNIG,DEC,2025,2023-05-01 07:54:41,103
104,16,TUE,11,18,CRKD,JUL,2020,2021-02-18 00:36:27,104
105,3,FRI,10,34,CRKD,MAR,2025,2021-01-30 16:16:10,105
106,17,FRI,22,28,CRKD,DEC,2021,2021-01-08 13:37:29,106
107,16,FRI,22,25,MORN,FEB,2022,2021-04-18 00:59:21,107
108,29,SAT,1,40,MIDD,FEB,2023,2022-11-27 02:49:29,108
109,16,WED,12,51,CRKD,JUL,2024,2022-05-09 05:19:41,109
110,27,FRI,24,55,SUNR,APR,2021,2021-01-10 19:45:38,110
111,1,THU,2,46,CRKD,MAY,2020,2021-04-11 03:07:39,111
112,9,SAT,8,43,TWIL,DEC,2025,2022-09-06 04:09:52,112
113,17,FRI,21,15,SUNS,JUN,2021,2023-04-26 19:18:28,113
114,7,SUN,3,58,EVEN,MAY,2024,2022-09-15 03:50:35,114
115,19,FRI,13,4,AFTER,OCT,2020,2022-01-01 13:21:46,115
116,17,TUE,12,10,SUNS,SEP,2021,2024-05-06 15:42:13,116
117,9,SUN,2,6,SUNR,MAR,2023,2024-11-25 17:35:30,117
118,15,WED,4,14,DUSK,FEB,2021,2022-10-02 03:25:18,118
119,16,FRI,17,47,EVEN,MAR,2021,2022-09-05 18:57:26,119
120,16,TUE,23,34,AFTER,SEP,2021,2020-10-23 11:12:33,120
121,28,SUN,18,18,LTNIG,APR,2024,2024-10-07 13:28:43,121
122,8,FRI,19,21,NIGHT,MAY,2021,2024-04-26 19:15:41,122
123,30,TUE,2,32,NIGHT,APR,2023,2020-12-17 20:43:31,123
124,19,FRI,6,26,MIDNG,APR,2023,2022-03-20 06:39:54,124
125,26,FRI,21,58,DUSK,MAY,2024,2021-11-05 16:16:52,125
126,11,FRI,20,54,CRKD,DEC,2024,2021-06-30 14:24:37,126
127,19,SUN,15,47,NIGHT,MAR,2024,2022-10-12 18:52:03,127
128,28,SUN,12,45,AFTER,JUN,2025,2024-04-12 03:30:32,128
129,12,WED,22,16,TWIL,JUN,2025,2024-01-31 16:58:40,129
130,11,SUN,21,54,MORN,MAY,2024,2020-12-03 22:42:00,130
131,18,MON,21,48,NIGHT,SEP,2023,2024-10-14 22:35:49,131
132,2,THU,21,17,SUNR,MAR,2024,2023-08-23 13:46:41,132
133,21,FRI,7,37,MIDD,NOV,2020,2022-06-29 07:09:05,133
134,23,FRI,2,59,SUNR,FEB,2021,2021-12-24 05:50:23,134
135,15,FRI,13,13,SUNS,FEB,2022,2021-01-19 23:18:21,135
136,25,MON,15,55,MIDNG,DEC,2022,2022-04-08 11:13:52,136
137,17,FRI,17,48,NIGHT,FEB,2025,2021-10-19 15:56:48,137
138,16,THU,22,11,DUSK,SEP,2025,2022-01-31 02:43:34,138
139,29,WED,4,14,MORN,OCT,2024,2021-01-02 23:56:47,139
140,11,MON,2,43,MIDD,OCT,2023,2021-11-26 20:59:30,140
141,22,TUE,4,38,CRKD,JUN,2024,2024-06-11 04:35:05,141
142,22,SAT,8,42,EVEN,OCT,2023,2022-03-24 10:04:02,142
143,10,SUN,12,1,AFTER,MAY,2025,2023-11-04 17:28:39,143
144,14,THU,23,36,SUNR,JAN,2023,2023-04-22 01:42:40,144
145,5,SAT,23,6,MIDD,FEB,2020,2022-05-26 14:06:14,145
146,2,MON,7,54,EVEN,APR,2024,2020-11-09 21:02:42,146
147,27,FRI,5,52,MORN,JAN,2024,2021-05-29 14:21:27,147
148,31,TUE,18,4,EVEN,JUL,2025,2023-07-06 21:30:12,148
149,18,SAT,11,30,MORN,JUL,2025,2022-02-22 08:07:10,149
150,14,MON,11,30,MORN,MAY,2022,2021-11-30 10:49:52,150
151,13,SAT,10,23,NIGHT,SEP,2025,2023-04-12 01:46:21,151
152,3,SAT,2,40,MIDNG,FEB,2021,2024-01-23 18:23:28,152
153,13,SAT,13,18,SUNR,JAN,2021,2024-06-22 14:01:40,153
154,3,FRI,20,43,MIDNG,SEP,2025,2021-02-14 10:09:26,154
155,13,WED,23,29,SUNS,MAR,2025,2021-08-04 05:04:10,155
156,28,WED,16,30,MORN,JUL,2025,2022-07-20 19:49:15,156
157,2,TUE,4,52,EVEN,AUG,2023,2023-02-15 16:22:17,157
158,2,THU,21,21,CRKD,MAY,2024,2021-10-22 14:24:02,158
159,5,SUN,18,22,AFTER,NOV,2024,2023-11-24 21:13:36,159
160,23,WED,6,41,AFTER,DEC,2022,2021-07-10 17:35:50,160
161,25,MON,13,3,MORN,DEC,2020,2023-01-08 00:36:00,161
162,12,FRI,19,7,NIGHT,APR,2023,2024-12-08 14:32:50,162
163,23,THU,15,17,CRKD,FEB,2022,2024-04-05 16:38:19,163
164,1,SUN,19,57,SUNS,NOV,2020,2021-09-28 08:14:38,164
165,31,SAT,7,40,TWIL,DEC,2021,2024-03-06 02:37:56,165
166,27,MON,15,25,LTNIG,OCT,2025,2021-01-03 02:46:30,166
167,5,FRI,4,57,DUSK,MAR,2021,2022-03-13 04:15:03,167
168,22,THU,19,28,LTNIG,APR,2025,2023-07-20 02:11:31,168
169,14,FRI,3,18,DUSK,OCT,2025,2020-11-05 14:39:21,169
170,14,SUN,16,9,LTNIG,FEB,2020,2024-11-18 10:11:52,170
171,23,WED,12,3,SUNS,SEP,2020,2023-10-19 08:57:29,171
172,25,TUE,5,24,NIGHT,FEB,2024,2021-03-21 08:31:41,172
173,22,SAT,3,7,CRKD,SEP,2025,2023-06-23 14:23:46,173
174,20,WED,4,18,MIDD,JUN,2024,2021-07-15 19:24:12,174
175,17,SUN,20,28,MIDNG,AUG,2021,2024-07-07 23:08:04,175
176,1,TUE,11,1,CRKD,OCT,2025,2023-10-06 02:04:45,176
177,5,TUE,4,1,MORN,NOV,2021,2023-08-02 12:16:50,177
178,3,TUE,5,6,NIGHT,NOV,2024,2021-05-13 12:04:29,178
179,29,WED,9,52,NIGHT,JAN,2021,2024-04-30 05:26:37,179
180,2,THU,3,5,DUSK,DEC,2025,2020-10-21 23:42:04,180
181,19,WED,10,49,MORN,JAN,2025,2023-02-08 18:46:33,181
182,8,WED,15,52,MIDD,NOV,2021,2023-02-19 07:54:47,182
183,6,MON,4,0,MIDNG,JAN,2025,2022-02-04 16:59:58,183
184,14,TUE,7,55,SUNR,NOV,2025,2021-05-22 01:36:53,184
185,22,FRI,13,46,DUSK,SEP,2022,2022-02-18 23:27:09,185
186,29,MON,20,3,SUNR,APR,2024,2021-07-31 17:39:18,186
187,29,THU,21,21,DUSK,JAN,2025,2021-03-08 11:20:12,187
188,1,SAT,16,38,TWIL,JUN,2024,2024-10-06 10:42:15,188
189,21,SAT,12,22,DUSK,FEB,2020,2022-04-17 07:41:03,189
190,21,THU,2,38,LTNIG,APR,2023,2021-02-19 18:42:20,190
191,30,WED,8,54,CRKD,APR,2020,2021-05-13 10:13:11,191
192,24,SUN,18,25,DUSK,JUN,2021,2021-11-15 14:36:38,192
193,10,SUN,4,50,DUSK,AUG,2024,2023-02-25 23:32:13,193
194,16,SUN,8,0,EVEN,DEC,2020,2023-04-17 17:40:17,194
195,20,MON,17,43,MORN,OCT,2024,2021-05-06 20:04:59,195
196,11,FRI,19,30,CRKD,APR,2025,2022-11-29 14:03:33,196
197,6,THU,20,22,MIDNG,JAN,2020,2024-10-05 14:16:31,197
198,9,SAT,12,15,TWIL,SEP,2025,2021-02-24 17:16:54,198
199,30,WED,1,56,CRKD,JUL,2023,2023-05-20 09:50:43,199
200,9,FRI,15,41,TWIL,JAN,2023,2022-05-02 11:02:37,200
201,27,FRI,11,44,MORN,AUG,2025,2022-11-18 05:10:15,201
202,16,THU,9,27,NIGHT,JAN,2025,2021-07-11 11:20:38,202
203,24,MON,23,16,EVEN,NOV,2024,2022-07-27 20:53:33,203
204,10,MON,24,42,SUNS,JAN,2021,2023-06-29 13:07:07,204
205,14,MON,23,9,SUNR,JAN,2020,2022-11-13 03:03:28,205
206,20,SAT,11,27,MIDNG,AUG,2025,2024-10-07 13:13:38,206
207,17,FRI,4,34,MORN,FEB,2025,2021-09-16 09:36:37,207
208,27,SUN,24,42,MIDNG,JUL,2025,2021-12-27 12:10:50,208
209,20,FRI,6,29,SUNR,DEC,2024,2022-05-16 10:01:48,209
210,9,MON,21,17,AFTER,OCT,2020,2024-01-17 22:58:38,210
211,1,TUE,15,8,EVEN,MAR,2024,2023-10-06 07:19:16,211
212,10,MON,7,1,TWIL,FEB,2025,2023-02-11 06:04:37,212
213,21,THU,16,15,SUNR,AUG,2024,2021-09-25 03:40:47,213
214,21,SUN,2,49,MIDNG,JUL,2022,2021-08-08 12:35:12,214
215,1,WED,24,27,SUNR,JUN,2020,2024-01-15 07:03:31,215
216,3,FRI,16,34,MORN,JUN,2024,2020-11-06 16:56:55,216
217,31,THU,6,44,MORN,OCT,2021,2023-10-16 06:27:25,217
218,9,SUN,3,2,SUNR,FEB,2021,2023-07-19 10:28:38,218
219,6,WED,20,53,SUNR,APR,2023,2022-01-17 22:00:03,219
220,7,WED,2,20,SUNS,APR,2025,2024-05-21 21:59:29,220
221,25,SUN,16,54,MIDD,JUN,2020,2023-05-06 19:14:26,221
222,26,SAT,5,25,SUNR,OCT,2020,2022-11-12 21:52:09,222
223,3,SUN,19,22,MORN,MAY,2023,2024-07-24 01:51:45,223
224,15,THU,11,28,NIGHT,MAY,2024,2024-04-22 07:50:17,224
225,5,THU,2,58,MORN,OCT,2020,2024-10-10 02:42:10,225
226,3,SAT,19,17,MIDNG,APR,2021,2022-01-24 16:06:53,226
227,22,SAT,8,18,SUNS,JUL,2020,2023-02-06 12:39:02,227
228,27,SUN,24,20,SUNS,NOV,2021,2021-10-03 04:41:26,228
229,15,WED,9,44,MIDNG,OCT,2023,2023-05-26 21:39:45,229
230,27,THU,1,39,TWIL,OCT,2023,2022-09-13 20:35:58,230
231,28,WED,5,15,MIDD,AUG,2020,2021-11-06 10:22:43,231
232,20,SAT,3,10,AFTER,JUL,2021,2024-01-13 01:33:32,232
233,19,MON,2,23,NIGHT,MAY,2020,2024-03-20 00:40:40,233
234,18,TUE,5,8,SUNS,FEB,2024,2021-07-26 04:53:59,234
235,30,WED,9,24,MIDD,AUG,2022,2023-04-18 06:56:29,235
236,4,MON,8,6,LTNIG,MAR,2020,2024-05-30 21:14:26,236
237,22,SAT,17,33,SUNS,JUN,2025,2021-03-03 00:48:47,237
238,1,THU,7,58,MORN,APR,2022,2024-08-30 06:06:04,238
239,25,SUN,18,51,MIDNG,AUG,2025,2024-09-23 21:46:37,239
240,19,WED,6,1,MIDNG,MAR,2025,2021-06-04 00:38:24,240
241,24,FRI,11,36,LTNIG,JAN,2025,2021-09-19 07:30:57,241
242,8,FRI,22,26,MIDD,AUG,2022,2024-05-30 13:59:41,242
243,25,THU,23,49,DUSK,DEC,2024,2023-06-13 15:40:59,243
244,20,SAT,7,13,MORN,JUL,2025,2020-12-01 01:28:54,244
245,23,MON,21,34,DUSK,JUL,2020,2024-10-31 14:18:23,245
246,31,THU,17,21,LTNIG,JUN,2022,2024-05-14 14:58:04,246
247,20,WED,20,7,AFTER,NOV,2025,2023-01-27 14:56:52,247
248,21,THU,19,17,MIDNG,OCT,2025,2021-03-25 18:38:08,248
249,8,SUN,15,23,TWIL,FEB,2024,2021-06-25 18:28:09,249
250,26,TUE,23,51,DUSK,DEC,2020,2021-10-28 04:34:05,250
251,1,THU,3,45,MORN,APR,2024,2022-07-25 03:08:53,251
252,8,TUE,12,36,TWIL,MAY,2020,2021-11-09 10:49:58,252
253,12,TUE,10,14,DUSK,DEC,2025,2020-11-02 16:45:55,253
254,15,WED,7,11,MIDD,JUL,2022,2024-09-15 03:31:08,254
255,30,WED,10,2,EVEN,JUL,2021,2024-03-02 06:23:18,255
256,20,WED,1,46,EVEN,JAN,2021,2023-09-18 22:20:17,256
257,20,SAT,7,18,SUNS,OCT,2022,2021-10-15 21:04:44,257
258,21,SUN,10,34,MIDD,NOV,2022,2023-07-08 11:43:58,258
259,14,MON,9,14,SUNR,APR,2025,2023-11-28 18:21:55,259
260,17,SAT,21,14,AFTER,NOV,2021,2021-04-25 22:59:11,260
261,25,MON,5,29,TWIL,APR,2020,2023-04-08 21:58:12,261
262,19,SUN,3,53,DUSK,JUL,2021,2024-01-30 02:56:28,262
263,22,MON,17,13,SUNS,AUG,2025,2022-03-08 20:56:04,263
264,24,TUE,21,11,MORN,AUG,2021,2023-05-22 20:22:38,264
265,21,MON,16,11,LTNIG,MAR,2021,2024-11-02 22:10:09,265
266,28,SUN,20,45,MIDNG,AUG,2025,2022-04-07 17:00:04,266
267,2,MON,21,43,TWIL,DEC,2025,2021-03-26 11:00:15,267
268,17,SAT,11,45,TWIL,JUN,2021,2022-12-29 20:12:07,268
269,20,WED,22,19,LTNIG,FEB,2023,2024-10-09 01:39:25,269
270,6,TUE,22,54,MIDNG,DEC,2023,2024-12-03 13:21:29,270
271,27,SUN,23,50,TWIL,JAN,2023,2024-12-06 23:49:52,271
272,29,THU,24,35,MIDD,AUG,2022,2021-09-15 00:44:42,272
273,28,FRI,1,6,EVEN,MAY,2023,2022-05-08 18:30:30,273
274,16,SAT,4,56,MORN,JUL,2024,2022-12-04 17:19:56,274
275,16,TUE,17,48,MORN,APR,2021,2020-12-06 08:26:34,275
276,4,SAT,3,22,EVEN,DEC,2024,2021-12-10 20:55:19,276
277,16,FRI,12,37,MIDNG,JAN,2022,2022-05-20 17:11:09,277
278,26,SAT,19,8,CRKD,SEP,2020,2020-10-18 13:31:48,278
279,28,THU,6,47,CRKD,NOV,2023,2024-04-07 20:28:27,279
280,4,WED,21,38,AFTER,APR,2024,2021-05-08 22:39:13,280
281,5,TUE,14,39,MIDD,MAR,2024,2021-01-25 04:18:35,281
282,23,MON,20,25,SUNS,AUG,2020,2021-11-21 00:57:30,282
283,22,TUE,10,0,CRKD,SEP,2025,2023-05-26 19:45:41,283
284,3,SAT,9,56,SUNR,AUG,2024,2021-02-13 04:23:02,284
285,15,SUN,15,41,SUNS,JAN,2022,2024-07-26 15:27:04,285
286,31,MON,22,56,SUNR,AUG,2020,2020-12-30 06:27:03,286
287,29,SUN,16,32,AFTER,JAN,2021,2021-05-01 23:20:01,287
288,15,FRI,22,28,TWIL,APR,2021,2023-06-24 07:23:46,288
289,8,TUE,21,56,CRKD,MAY,2024,2021-06-01 03:13:55,289
290,9,FRI,20,48,TWIL,MAY,2021,2023-07-01 19:33:18,290
291,21,WED,20,55,SUNR,SEP,2020,2021-11-26 17:33:44,291
292,11,SUN,19,23,EVEN,SEP,2020,2023-08-27 05:09:02,292
293,22,SUN,8,54,TWIL,NOV,2022,2022-02-03 18:14:22,293
294,8,TUE,21,39,LTNIG,NOV,2021,2024-08-28 09:30:19,294
295,26,MON,16,45,MIDD,FEB,2020,2024-09-26 12:05:31,295
296,1,SAT,12,10,DUSK,DEC,2021,2022-08-10 16:01:43,296
297,27,SUN,9,17,MIDNG,APR,2024,2023-06-07 13:00:52,297
298,21,SUN,16,45,MORN,OCT,2020,2023-06-30 13:48:09,298
299,9,SAT,3,33,MIDD,SEP,2023,2024-09-18 08:23:59,299
300,31,FRI,10,55,NIGHT,MAY,2022,2024-02-22 01:04:04,300
301,25,WED,24,17,MIDD,SEP,2021,2021-11-03 08:07:12,301
302,29,MON,14,52,EVEN,DEC,2024,2022-06-29 14:58:43,302
303,13,THU,5,13,MIDNG,AUG,2020,2023-03-29 03:46:43,303
304,24,WED,5,48,TWIL,AUG,2025,2023-02-10 08:56:51,304
305,23,WED,3,21,MIDNG,MAY,2022,2021-07-26 20:25:11,305
306,30,WED,14,14,LTNIG,FEB,2025,2021-10-29 21:20:09,306
307,14,SAT,8,30,AFTER,MAY,2020,2021-10-11 22:30:25,307
308,9,TUE,14,24,MORN,NOV,2022,2022-05-10 01:07:40,308
309,29,FRI,11,57,SUNS,FEB,2021,2021-08-21 10:20:24,309
310,21,MON,11,16,TWIL,NOV,2023,2023-02-23 22:06:45,310
311,24,SUN,2,2,NIGHT,OCT,2025,2024-07-16 21:50:01,311
312,13,SUN,6,41,TWIL,DEC,2023,2023-07-15 13:46:26,312
313,2,MON,19,41,MIDNG,AUG,2021,2022-11-30 04:16:14,313
314,27,TUE,23,21,MIDNG,SEP,2022,2024-01-14 08:44:58,314
315,10,SUN,21,24,DUSK,MAR,2023,2022-05-09 00:29:12,315
316,3,THU,18,28,SUNS,JUN,2020,2023-07-26 18:40:36,316
317,21,SAT,15,19,AFTER,FEB,2024,2023-09-19 15:38:34,317
318,21,THU,13,37,MIDD,AUG,2025,2021-07-16 10:05:40,318
319,12,MON,10,41,SUNR,OCT,2023,2024-06-23 07:52:25,319
320,21,FRI,6,4,NIGHT,APR,2021,2021-01-06 22:37:52,320
321,3,FRI,7,42,AFTER,MAR,2025,2023-12-20 18:07:52,321
322,16,SAT,18,36,SUNR,MAR,2021,2023-10-04 15:56:17,322
323,30,TUE,19,29,CRKD,SEP,2021,2021-04-20 05:55:35,323
324,17,WED,2,14,MIDD,DEC,2022,2024-03-30 16:04:06,324
325,4,SUN,17,38,MORN,AUG,2022,2024-11-01 06:31:50,325
326,24,SUN,14,42,SUNS,JAN,2023,2024-12-09 14:35:18,326
327,5,THU,17,23,MORN,OCT,2023,2024-10-28 21:50:03,327
328,17,SAT,18,35,TWIL,JUL,2021,2021-08-20 21:36:03,328
329,30,MON,1,24,AFTER,MAR,2021,2021-10-09 08:59:51,329
330,11,TUE,14,28,DUSK,FEB,2024,2021-09-29 04:07:51,330
331,7,WED,24,31,MORN,MAY,2023,2022-07-08 16:22:57,331
332,13,TUE,20,37,EVEN,FEB,2022,2022-02-03 10:39:39,332
333,17,MON,12,17,MORN,JUN,2020,2021-01-07 10:53:21,333
334,14,WED,12,10,EVEN,APR,2020,2022-12-17 09:14:09,334
335,9,FRI,4,15,LTNIG,JUL,2025,2022-07-29 01:48:27,335
336,4,SAT,1,25,MIDD,NOV,2023,2021-02-13 04:53:52,336
337,4,SAT,9,53,EVEN,APR,2020,2024-12-09 00:15:29,337
338,6,TUE,7,57,MORN,SEP,2022,2024-02-21 14:42:05,338
339,14,SUN,20,36,LTNIG,AUG,2024,2022-01-04 07:03:20,339
340,9,THU,14,47,MIDNG,MAR,2020,2023-01-05 12:14:14,340
341,10,MON,18,51,SUNR,SEP,2021,2023-08-09 04:47:41,341
342,11,SUN,15,57,MIDNG,DEC,2022,2023-07-12 00:23:03,342
343,8,THU,22,37,CRKD,OCT,2020,2023-04-18 11:49:34,343
344,20,MON,3,17,MORN,DEC,2025,2022-03-05 18:41:15,344
345,6,FRI,5,34,AFTER,NOV,2022,2023-08-08 12:00:55,345
346,2,THU,22,37,NIGHT,FEB,2025,2021-04-17 12:49:12,346
347,20,MON,21,28,MORN,AUG,2023,2024-09-08 01:40:59,347
348,20,SUN,20,22,SUNS,SEP,2024,2024-05-06 20:26:50,348
349,20,TUE,14,6,AFTER,JAN,2022,2020-10-03 07:16:20,349
350,11,SAT,15,7,SUNS,DEC,2022,2021-04-05 13:02:56,350
351,16,FRI,9,33,MORN,JUN,2025,2022-07-05 11:06:47,351
352,2,SAT,24,40,TWIL,NOV,2025,2021-03-08 06:48:31,352
353,23,SAT,4,16,MORN,JUN,2022,2021-02-03 02:49:26,353
354,4,SUN,13,1,NIGHT,MAR,2023,2024-02-04 06:33:16,354
355,15,THU,7,58,MIDNG,FEB,2021,2023-11-19 08:33:36,355
356,23,SAT,10,11,DUSK,AUG,2022,2022-04-21 14:06:30,356
357,28,FRI,15,20,TWIL,SEP,2022,2020-10-27 04:21:10,357
358,19,FRI,17,47,SUNS,SEP,2023,2021-03-11 12:31:53,358
359,14,THU,22,13,AFTER,MAR,2020,2024-05-29 18:28:06,359
360,1,SUN,3,30,TWIL,APR,2024,2023-10-26 19:35:06,360
361,14,THU,8,30,MIDNG,SEP,2020,2021-11-08 19:49:54,361
362,13,SAT,20,50,MIDD,AUG,2024,2024-06-09 09:42:58,362
363,3,MON,10,8,SUNS,MAY,2022,2022-03-18 18:56:25,363
364,9,FRI,24,44,AFTER,APR,2024,2024-01-30 21:29:41,364
365,13,TUE,6,32,LTNIG,MAY,2025,2021-01-18 04:02:07,365
366,7,TUE,20,21,TWIL,DEC,2023,2023-02-21 04:13:04,366
367,16,THU,23,16,SUNR,DEC,2023,2022-07-13 21:06:22,367
368,20,SAT,23,28,SUNS,JUN,2022,2021-06-15 08:29:18,368
369,14,MON,1,58,AFTER,OCT,2021,2023-03-01 01:29:34,369
370,20,SUN,2,43,SUNR,DEC,2024,2020-11-19 05:22:59,370
371,14,THU,7,20,EVEN,OCT,2024,2024-03-18 22:43:37,371
372,21,SAT,14,30,NIGHT,JUL,2022,2020-12-24 10:35:44,372
373,4,MON,8,39,MIDD,JUN,2020,2021-12-27 14:07:44,373
374,23,MON,6,25,SUNS,JUN,2023,2022-07-20 02:51:35,374
375,19,SUN,15,6,AFTER,OCT,2025,2023-08-21 10:16:44,375
376,31,WED,21,32,DUSK,AUG,2020,2021-02-02 16:09:45,376
377,27,TUE,4,55,MIDD,NOV,2024,2022-09-02 18:20:06,377
378,1,TUE,10,25,DUSK,NOV,2024,2024-06-21 07:35:47,378
379,11,THU,23,47,TWIL,DEC,2021,2024-02-22 22:26:33,379
380,27,SUN,20,11,EVEN,OCT,2021,2023-01-19 06:41:19,380
381,28,SAT,12,26,SUNS,JAN,2020,2022-01-25 12:27:24,381
382,3,TUE,14,19,AFTER,DEC,2020,2024-07-30 21:40:18,382
383,23,MON,18,50,CRKD,JUL,2023,2021-07-31 12:25:39,383
384,1,WED,15,23,SUNR,JUL,2021,2024-04-17 14:45:49,384
385,8,FRI,14,8,SUNS,SEP,2024,2022-05-26 05:31:40,385
386,28,WED,10,55,MIDD,JUL,2021,2021-04-16 12:54:04,386
387,18,THU,21,4,MIDD,NOV,2024,2024-01-25 23:11:58,387
388,31,THU,24,35,MIDNG,SEP,2025,2021-10-11 06:09:41,388
389,5,MON,21,38,MIDNG,JUL,2023,2021-02-10 17:41:49,389
390,1,MON,16,9,LTNIG,JAN,2023,2024-10-11 22:47:31,390
391,24,SUN,18,54,NIGHT,OCT,2022,2022-08-22 11:42:57,391
392,23,SAT,6,39,TWIL,OCT,2022,2024-12-07 18:41:38,392
393,18,WED,21,59,MORN,JUN,2025,2022-10-29 13:53:52,393
394,19,SAT,18,59,MIDNG,NOV,2023,2023-11-12 03:52:15,394
395,23,SAT,6,13,MORN,DEC,2025,2020-11-13 15:33:19,395
396,28,THU,2,26,MIDD,JUL,2023,2021-06-05 11:55:17,396
397,23,FRI,11,23,AFTER,JUL,2021,2024-11-29 18:03:32,397
398,5,SUN,3,2,MORN,FEB,2025,2023-02-26 01:37:20,398
399,12,SUN,14,44,AFTER,JUL,2022,2021-11-12 20:52:00,399
400,31,FRI,23,15,MIDNG,OCT,2021,2023-05-14 07:46:27,400
401,20,FRI,9,55,DUSK,JAN,2024,2021-07-10 11:29:15,401
402,5,WED,7,14,AFTER,JUL,2021,2022-04-11 13:57:16,402
403,3,TUE,15,42,SUNR,APR,2020,2024-11-18 23:26:06,403
404,6,WED,20,41,NIGHT,OCT,2024,2021-04-23 00:53:47,404
405,28,TUE,11,24,MIDNG,SEP,2021,2022-08-15 08:17:06,405
406,4,MON,21,19,CRKD,SEP,2024,2022-07-31 15:18:16,406
407,15,WED,21,7,MORN,FEB,2022,2024-09-08 00:46:07,407
408,30,SUN,20,18,LTNIG,NOV,2025,2021-06-08 04:55:01,408
409,8,MON,20,59,DUSK,OCT,2020,2023-11-03 14:16:59,409
410,2,THU,3,0,AFTER,JUN,2025,2020-12-21 10:50:35,410
411,17,THU,2,6,MORN,JUN,2024,2020-11-10 12:38:12,411
412,16,MON,18,16,MIDD,JUN,2025,2022-12-15 07:08:07,412
413,20,FRI,10,2,LTNIG,SEP,2020,2024-05-30 15:39:26,413
414,23,FRI,15,42,CRKD,DEC,2021,2021-11-09 03:18:39,414
415,3,MON,1,24,CRKD,JUL,2022,2022-09-01 04:26:54,415
416,16,SUN,9,41,MIDNG,DEC,2023,2022-11-28 10:23:01,416
417,15,MON,3,0,AFTER,MAR,2025,2022-09-24 11:44:34,417
418,5,SAT,23,26,MORN,JAN,2020,2023-06-13 22:23:29,418
419,9,SAT,24,22,SUNS,JAN,2024,2024-08-04 14:03:43,419
420,18,WED,6,17,CRKD,FEB,2024,2024-07-10 16:20:23,420
421,1,TUE,11,32,MORN,MAR,2022,2024-10-17 21:37:10,421
422,3,SAT,5,8,TWIL,AUG,2022,2024-02-24 23:40:13,422
423,13,FRI,16,54,MORN,JUL,2025,2020-12-24 09:18:03,423
424,4,SUN,9,53,TWIL,JUL,2023,2022-12-16 02:04:42,424
425,31,SAT,7,41,LTNIG,DEC,2023,2021-07-08 09:31:20,425
426,13,SUN,7,54,AFTER,SEP,2020,2021-05-04 20:21:11,426
427,27,THU,4,5,MIDNG,OCT,2021,2022-09-11 14:03:26,427
428,7,THU,17,42,DUSK,FEB,2024,2023-03-14 03:10:04,428
429,9,TUE,14,4,EVEN,APR,2022,2023-05-28 10:35:15,429
430,1,FRI,10,15,AFTER,FEB,2020,2022-03-25 05:13:41,430
431,20,SUN,22,3,MIDNG,FEB,2023,2024-08-21 10:03:24,431
432,15,FRI,24,53,TWIL,JUL,2020,2024-11-21 16:45:24,432
433,22,FRI,13,46,SUNS,MAR,2022,2021-11-03 11:24:47,433
434,16,SAT,19,51,SUNR,NOV,2021,2023-11-26 01:49:09,434
435,6,MON,6,11,NIGHT,JUL,2021,2023-10-26 00:28:07,435
436,30,WED,7,51,MIDNG,SEP,2023,2024-01-24 10:31:01,436
437,9,FRI,18,6,SUNR,NOV,2020,2024-11-30 13:46:24,437
438,25,WED,8,30,SUNS,JUL,2024,2021-03-20 18:52:19,438
439,20,MON,18,17,MORN,MAR,2020,2022-01-10 02:43:33,439
440,10,MON,6,40,NIGHT,JUN,2021,2024-01-16 23:02:06,440
441,11,FRI,23,19,AFTER,MAR,2025,2024-08-17 19:47:52,441
442,5,TUE,5,18,SUNR,OCT,2023,2024-05-21 00:26:03,442
443,8,SAT,16,11,DUSK,JUL,2021,2023-02-08 03:51:25,443
444,23,SAT,22,50,MIDD,JUN,2024,2021-06-19 01:16:26,444
445,26,THU,12,8,AFTER,NOV,2022,2024-01-02 02:01:23,445
446,14,MON,2,46,AFTER,JAN,2025,2023-07-21 02:12:26,446
447,7,THU,21,46,SUNS,DEC,2023,2024-10-28 18:10:20,447
448,25,SUN,16,46,MIDD,SEP,2024,2022-08-18 05:32:20,448
449,16,TUE,19,30,MORN,JAN,2024,2020-12-04 21:01:56,449
450,19,FRI,3,59,LTNIG,SEP,2023,2024-06-07 13:48:44,450
451,19,SUN,14,50,EVEN,OCT,2022,2024-02-05 01:45:44,451
452,10,WED,10,10,SUNR,MAY,2021,2021-03-23 13:22:15,452
453,13,SUN,11,12,NIGHT,DEC,2020,2021-11-22 12:44:24,453
454,6,THU,24,42,SUNR,JAN,2025,2021-05-23 02:17:34,454
455,30,WED,19,10,NIGHT,JUN,2024,2022-11-10 09:52:46,455
456,4,SAT,10,41,DUSK,JAN,2020,2024-10-24 13:13:36,456
457,29,MON,2,58,MIDD,APR,2022,2023-05-21 06:09:43,457
458,16,THU,12,38,MORN,NOV,2023,2022-02-02 09:23:07,458
459,13,SAT,9,48,CRKD,JUN,2020,2021-01-21 14:16:55,459
460,18,MON,18,15,DUSK,JUL,2021,2022-12-09 23:51:22,460
461,28,THU,11,36,EVEN,NOV,2024,2022-10-17 23:03:28,461
462,4,SUN,12,33,TWIL,MAR,2021,2024-03-27 08:18:26,462
463,7,FRI,21,33,SUNS,JUL,2025,2021-03-24 01:20:06,463
464,26,THU,7,54,MIDNG,APR,2021,2023-08-12 17:10:23,464
465,23,FRI,13,29,SUNR,DEC,2022,2023-12-17 06:38:51,465
466,1,WED,3,54,MORN,JUL,2020,2024-05-07 05:21:02,466
467,17,SUN,4,54,MIDNG,MAY,2025,2021-04-05 10:21:38,467
468,2,FRI,6,59,SUNR,APR,2022,2023-10-26 01:03:46,468
469,30,MON,13,37,NIGHT,MAR,2025,2022-02-02 06:03:34,469
470,2,WED,15,9,MIDD,NOV,2022,2023-03-07 16:33:13,470
471,23,SUN,6,40,TWIL,JAN,2022,2024-02-01 13:05:19,471
472,6,SUN,2,57,CRKD,SEP,2024,2023-05-03 01:17:02,472
473,5,SUN,23,12,AFTER,FEB,2025,2024-02-05 10:49:06,473
474,4,SAT,11,40,SUNS,DEC,2022,2021-04-07 01:24:24,474
475,1,MON,24,5,TWIL,JUN,2025,2023-10-09 00:11:45,475
476,16,MON,1,17,MIDD,SEP,2021,2024-03-21 17:50:37,476
477,15,TUE,9,17,NIGHT,JUN,2023,2021-08-07 18:14:03,477
478,14,MON,23,56,LTNIG,MAY,2024,2023-06-24 09:48:14,478
479,17,MON,5,50,MIDNG,JUN,2022,2021-05-17 10:59:53,479
480,26,THU,14,40,LTNIG,OCT,2024,2021-01-26 10:51:03,480
481,22,SAT,3,34,EVEN,OCT,2021,2024-05-25 09:33:30,481
482,31,FRI,11,18,SUNR,JUN,2021,2020-11-06 18:44:46,482
483,21,SUN,11,55,MIDNG,APR,2025,2024-07-05 12:38:00,483
484,23,SAT,11,13,SUNS,JUN,2021,2021-06-16 14:21:09,484
485,18,SUN,5,26,MORN,MAR,2022,2023-11-14 03:34:13,485
486,22,FRI,10,39,SUNS,JUN,2023,2023-10-20 14:31:01,486
487,3,FRI,20,51,EVEN,APR,2025,2023-03-29 14:19:54,487
488,23,MON,23,35,SUNR,APR,2025,2024-08-13 14:18:49,488
489,8,SAT,21,35,LTNIG,OCT,2025,2021-05-02 22:24:12,489
490,11,FRI,17,0,AFTER,APR,2022,2021-05-12 18:59:48,490
491,8,SAT,22,5,LTNIG,NOV,2022,2022-01-14 17:05:36,491
492,15,SUN,6,40,MIDNG,JUL,2021,2024-03-23 07:54:29,492
493,24,SUN,15,39,SUNR,DEC,2023,2021-04-21 12:37:20,493
494,31,THU,15,53,DUSK,AUG,2025,2022-11-13 05:52:11,494
495,26,MON,6,58,DUSK,DEC,2021,2022-05-11 16:57:00,495
496,8,FRI,22,18,MORN,FEB,2021,2021-09-13 06:55:07,496
497,29,MON,8,52,EVEN,OCT,2025,2023-03-21 14:04:21,497
498,14,WED,19,52,LTNIG,SEP,2023,2021-07-16 00:57:17,498
499,11,SAT,5,33,SUNR,MAR,2023,2021-08-30 21:53:47,499
500,25,WED,24,35,NIGHT,MAR,2024,2022-01-23 06:37:29,500
501,3,THU,10,32,MIDD,OCT,2024,2021-01-20 14:42:53,501
502,10,THU,18,48,EVEN,NOV,2025,2021-08-19 23:16:19,502
503,26,FRI,11,15,MIDNG,OCT,2021,2024-11-30 09:53:25,503
504,10,FRI,24,14,MIDNG,JUN,2022,2023-04-23 07:58:30,504
505,27,MON,3,14,MIDNG,MAY,2025,2021-03-09 17:22:58,505
506,17,TUE,12,51,AFTER,DEC,2023,2022-12-25 23:25:00,506
507,7,MON,8,29,TWIL,APR,2025,2022-10-04 01:00:14,507
508,7,WED,4,48,MIDNG,OCT,2024,2023-12-03 15:42:36,508
509,31,SUN,1,16,SUNR,AUG,2024,2023-01-04 22:34:24,509
510,2,TUE,10,55,DUSK,AUG,2023,2023-10-25 05:06:00,510
511,12,FRI,16,27,MIDD,JAN,2023,2022-11-19 16:18:05,511
512,5,WED,24,9,EVEN,DEC,2021,2022-02-22 06:00:29,512
513,4,SAT,15,8,LTNIG,FEB,2023,2021-11-27 03:19:29,513
514,24,FRI,5,46,CRKD,DEC,2025,2022-03-29 17:25:44,514
515,16,FRI,21,5,MORN,JUL,2025,2023-03-08 14:08:11,515
516,20,MON,6,26,MIDD,MAY,2025,2020-11-21 08:13:52,516
517,8,FRI,7,33,TWIL,JUN,2025,2024-04-17 19:55:34,517
518,30,SUN,12,39,MIDNG,NOV,2021,2023-11-01 21:36:49,518
519,5,WED,3,20,MORN,SEP,2021,2021-10-22 22:13:47,519
520,9,THU,23,24,MIDD,NOV,2020,2020-11-26 12:49:38,520
521,4,SUN,24,54,EVEN,JUN,2024,2024-03-08 07:15:04,521
522,11,TUE,1,47,EVEN,JUL,2021,2024-06-09 14:16:33,522
523,13,SAT,19,32,CRKD,DEC,2022,2021-02-05 10:01:43,523
524,23,WED,24,36,DUSK,SEP,2020,2021-01-15 18:07:38,524
525,25,WED,12,55,TWIL,JUL,2020,2024-02-15 05:46:45,525
526,16,MON,17,38,SUNS,DEC,2022,2023-06-29 00:49:12,526
527,28,FRI,15,14,MORN,JUN,2021,2022-12-25 01:12:31,527
528,28,MON,12,53,MORN,MAY,2023,2022-01-28 23:09:58,528
529,19,TUE,23,58,CRKD,SEP,2022,2022-02-06 02:18:58,529
530,12,FRI,6,5,EVEN,JUN,2020,2021-05-27 12:19:27,530
531,19,MON,19,10,TWIL,MAR,2025,2021-10-22 18:34:08,531
532,8,TUE,21,46,MORN,JUL,2024,2024-04-11 02:32:21,532
533,24,SUN,4,8,EVEN,JUL,2024,2022-10-05 05:06:44,533
534,9,SUN,14,34,EVEN,AUG,2021,2023-03-14 22:12:53,534
535,3,MON,1,21,DUSK,NOV,2023,2021-04-23 11:47:23,535
536,28,FRI,23,36,MORN,FEB,2024,2022-04-11 22:19:29,536
537,21,WED,11,59,DUSK,JUL,2022,2022-01-17 10:16:57,537
538,12,SAT,11,22,CRKD,JUN,2022,2020-10-18 19:32:16,538
539,30,SUN,18,40,CRKD,MAR,2021,2023-11-30 01:38:35,539
540,1,FRI,8,40,DUSK,MAY,2024,2021-07-05 00:37:07,540
541,4,MON,13,5,SUNS,JUL,2022,2023-04-15 08:56:32,541
542,6,FRI,19,14,AFTER,SEP,2025,2023-06-25 08:08:13,542
543,9,THU,17,5,DUSK,OCT,2023,2021-04-16 17:05:46,543
544,25,THU,5,45,SUNR,OCT,2023,2021-05-02 22:46:51,544
545,29,TUE,1,10,TWIL,DEC,2022,2022-06-02 17:55:59,545
546,31,MON,12,21,EVEN,DEC,2021,2021-07-06 14:48:23,546
547,24,TUE,15,25,EVEN,AUG,2022,2023-07-14 06:13:29,547
548,3,SUN,2,57,LTNIG,AUG,2020,2020-11-09 05:13:23,548
549,19,WED,5,14,CRKD,JUL,2020,2022-10-06 17:45:34,549
550,30,WED,17,18,CRKD,FEB,2022,2021-03-10 04:16:03,550
551,30,MON,21,54,SUNS,MAR,2023,2023-03-27 02:04:53,551
552,26,MON,8,1,MIDD,OCT,2024,2023-06-14 18:07:55,552
553,10,TUE,1,9,NIGHT,NOV,2024,2022-12-11 14:49:59,553
554,26,SAT,7,29,MIDNG,JUN,2020,2022-04-28 17:24:15,554
555,22,THU,12,48,NIGHT,DEC,2020,2024-10-19 14:23:40,555
556,11,TUE,14,46,MIDD,JAN,2022,2022-07-28 20:53:02,556
557,13,SAT,13,38,MORN,OCT,2023,2021-12-26 20:24:01,557
558,4,THU,15,56,DUSK,OCT,2022,2024-07-12 01:19:43,558
559,26,MON,8,49,DUSK,JUN,2022,2023-08-15 10:42:45,559
560,31,WED,20,54,AFTER,DEC,2022,2021-01-27 05:39:17,560
561,26,TUE,18,53,SUNS,JUL,2022,2024-01-14 17:04:13,561
562,3,SUN,6,24,AFTER,DEC,2023,2023-06-11 23:05:03,562
563,2,FRI,11,59,LTNIG,AUG,2024,2022-10-06 01:42:05,563
564,28,MON,21,45,SUNR,FEB,2024,2020-11-08 11:26:12,564
565,30,TUE,20,36,AFTER,JUL,2025,2021-11-30 10:18:44,565
566,25,FRI,8,11,EVEN,MAY,2020,2022-08-27 04:52:47,566
567,2,MON,16,3,LTNIG,JAN,2025,2021-11-30 15:59:38,567
568,30,THU,24,13,AFTER,AUG,2024,2022-05-11 03:48:39,568
569,4,THU,14,21,MIDD,SEP,2021,2023-02-27 12:18:04,569
570,21,MON,20,56,SUNR,NOV,2023,2020-10-12 03:21:01,570
571,7,SUN,4,13,LTNIG,JUL,2024,2023-02-07 04:37:20,571
572,8,WED,17,30,TWIL,SEP,2022,2021-12-01 17:01:51,572
573,11,SAT,21,48,LTNIG,FEB,2023,2022-09-03 18:40:55,573
574,8,THU,9,36,SUNS,OCT,2025,2023-10-09 02:27:34,574
575,12,FRI,11,13,TWIL,APR,2021,2022-06-17 21:44:57,575
576,18,WED,12,18,CRKD,MAY,2022,2021-05-23 08:39:12,576
577,21,THU,21,17,MIDD,SEP,2024,2024-04-23 14:55:53,577
578,21,MON,4,49,DUSK,MAY,2020,2024-09-22 00:24:01,578
579,25,THU,24,28,MORN,NOV,2022,2023-02-09 19:42:34,579
580,24,SUN,23,59,MIDD,JUL,2023,2020-12-13 21:00:57,580
581,21,WED,9,26,TWIL,APR,2021,2023-10-09 11:14:42,581
582,24,MON,24,37,AFTER,JUN,2021,2021-07-06 06:28:16,582
583,23,WED,21,26,MIDD,APR,2023,2020-11-25 00:40:27,583
584,8,MON,10,45,SUNR,MAY,2022,2022-02-07 17:54:05,584
585,11,SUN,5,16,MORN,OCT,2023,2021-08-13 07:07:33,585
586,9,TUE,22,38,SUNS,FEB,2020,2022-05-13 08:47:20,586
587,22,THU,20,16,EVEN,JUN,2024,2022-01-06 12:01:16,587
588,28,WED,5,5,EVEN,MAR,2022,2024-03-27 06:57:31,588
589,3,TUE,6,50,SUNR,DEC,2022,2022-04-08 23:29:15,589
590,24,MON,24,27,MORN,MAY,2024,2022-04-22 18:11:15,590
591,26,SAT,14,16,DUSK,SEP,2021,2022-04-01 17:37:35,591
592,28,FRI,22,33,MORN,OCT,2020,2023-11-01 17:33:53,592
593,27,SAT,7,22,MIDD,FEB,2025,2022-05-18 12:29:26,593
594,28,FRI,5,31,AFTER,SEP,2022,2024-01-29 04:38:48,594
595,26,THU,7,50,CRKD,APR,2021,2024-01-07 21:23:04,595
596,3,FRI,2,39,EVEN,SEP,2023,2021-04-05 14:17:50,596
597,27,SAT,7,54,MIDD,AUG,2020,2022-11-10 23:58:32,597
598,14,SUN,5,49,CRKD,JUL,2023,2022-03-21 07:20:28,598
599,3,SAT,18,4,MIDNG,JAN,2021,2024-07-02 19:02:14,599
600,18,SAT,7,15,MORN,JUN,2021,2022-02-22 19:34:43,600
601,29,SAT,20,13,NIGHT,AUG,2021,2021-11-29 03:35:49,601
602,16,MON,5,6,MORN,JAN,2023,2021-08-09 10:38:56,602
603,8,SAT,1,32,MIDD,JUL,2020,2020-11-12 02:34:35,603
604,21,MON,10,41,LTNIG,DEC,2021,2023-10-18 17:08:41,604
605,7,THU,6,12,EVEN,MAY,2023,2021-05-27 10:08:23,605
606,21,FRI,17,44,LTNIG,AUG,2024,2022-06-03 04:43:05,606
607,8,TUE,24,17,SUNS,MAY,2023,2022-02-09 18:04:48,607
608,30,TUE,24,31,SUNR,NOV,2024,2023-12-21 02:37:42,608
609,16,MON,23,6,NIGHT,SEP,2024,2021-05-13 08:08:48,609
610,26,THU,11,33,AFTER,JUN,2023,2023-06-19 14:15:35,610
611,18,MON,13,49,LTNIG,MAR,2023,2024-04-28 15:48:49,611
612,15,TUE,1,20,DUSK,JAN,2022,2024-01-04 21:15:01,612
613,24,THU,18,29,NIGHT,APR,2023,2021-06-20 08:24:27,613
614,14,SUN,23,14,SUNR,OCT,2023,2023-08-01 14:26:06,614
615,26,THU,11,16,LTNIG,OCT,2020,2023-07-31 22:14:32,615
616,8,WED,3,5,SUNS,NOV,2020,2021-03-31 03:21:10,616
617,15,TUE,13,30,MORN,MAY,2020,2024-05-10 19:19:57,617
618,10,WED,18,21,DUSK,OCT,2022,2021-09-01 15:09:32,618
619,21,SUN,2,56,TWIL,APR,2021,2021-11-15 04:39:40,619
620,27,MON,20,39,SUNS,JUN,2020,2023-04-01 00:38:13,620
621,9,SUN,1,30,MIDNG,JAN,2021,2021-12-22 22:36:23,621
622,9,SAT,10,24,CRKD,MAR,2023,2024-10-01 06:01:54,622
623,1,MON,4,26,SUNR,APR,2021,2023-04-04 12:30:11,623
624,19,WED,18,23,DUSK,NOV,2023,2022-08-23 13:16:10,624
625,15,SUN,9,25,SUNR,JUL,2023,2021-04-19 10:28:54,625
626,24,MON,6,9,MIDD,JAN,2020,2021-02-23 16:31:20,626
627,19,SAT,20,10,MIDD,DEC,2025,2022-05-07 21:19:33,627
628,26,SAT,19,58,SUNS,FEB,2020,2023-11-30 12:15:19,628
629,17,WED,5,12,LTNIG,JAN,2022,2021-03-09 08:23:46,629
630,13,THU,9,58,SUNR,MAY,2024,2022-11-26 19:30:25,630
631,24,THU,15,40,TWIL,MAY,2022,2023-05-31 13:30:56,631
632,2,TUE,8,5,LTNIG,JUN,2023,2022-01-03 20:35:33,632
633,27,WED,17,40,NIGHT,NOV,2020,2022-06-01 05:33:18,633
634,14,THU,2,12,MIDNG,JUL,2021,2022-05-26 17:22:54,634
635,27,WED,5,24,MIDD,JUN,2023,2023-10-11 01:08:39,635
636,13,SUN,1,40,MORN,NOV,2020,2022-06-18 04:45:38,636
637,8,SAT,2,34,DUSK,JUN,2024,2024-03-29 12:23:58,637
638,18,FRI,23,29,MIDNG,JUN,2023,2022-12-09 04:45:13,638
639,24,WED,8,54,NIGHT,APR,2022,2022-05-27 08:36:32,639
640,16,TUE,3,7,TWIL,AUG,2022,2021-05-04 08:19:27,640
641,25,SUN,17,59,SUNR,NOV,2021,2023-04-07 23:58:54,641
642,31,MON,21,37,MIDD,FEB,2020,2022-01-12 08:09:22,642
643,13,TUE,18,58,NIGHT,APR,2022,2023-11-03 20:29:09,643
644,19,FRI,10,37,AFTER,AUG,2025,2024-08-25 17:16:59,644
645,27,FRI,14,48,MORN,DEC,2023,2023-04-15 18:55:11,645
646,8,FRI,12,48,CRKD,JAN,2023,2022-09-24 08:00:58,646
647,29,SUN,6,56,NIGHT,JUN,2022,2024-06-18 04:33:15,647
648,9,FRI,2,49,MORN,APR,2025,2023-06-29 03:03:02,648
649,13,SUN,15,56,TWIL,OCT,2021,2023-05-16 11:32:18,649
650,13,THU,15,25,AFTER,JAN,2024,2022-04-07 18:43:45,650
651,13,TUE,23,20,EVEN,JUN,2022,2022-05-16 09:18:30,651
652,1,MON,22,24,AFTER,JAN,2023,2020-10-20 23:24:59,652
653,10,TUE,22,51,MORN,DEC,2021,2024-05-08 23:23:56,653
654,27,WED,6,57,LTNIG,SEP,2024,2024-03-28 18:29:04,654
655,31,FRI,9,19,MIDNG,MAR,2021,2021-05-03 09:04:27,655
656,27,SAT,10,24,MORN,OCT,2020,2023-01-28 10:23:07,656
657,9,SAT,6,7,EVEN,APR,2024,2023-11-21 14:22:41,657
658,17,THU,8,48,MIDD,SEP,2025,2020-10-16 15:10:49,658
659,24,FRI,14,57,DUSK,MAY,2023,2023-10-21 07:10:48,659
660,14,WED,21,40,MIDNG,NOV,2020,2023-03-06 20:50:07,660
661,5,FRI,3,8,LTNIG,DEC,2024,2023-09-02 14:27:10,661
662,5,WED,3,10,LTNIG,MAR,2021,2023-01-29 20:28:30,662
663,11,MON,10,3,SUNS,DEC,2023,2024-06-22 01:04:32,663
664,4,TUE,16,45,AFTER,NOV,2021,2023-06-30 11:55:33,664
665,30,THU,24,32,TWIL,OCT,2022,2021-08-16 20:36:43,665
666,2,SUN,8,55,LTNIG,MAR,2020,2024-03-24 19:27:58,666
667,3,SUN,18,51,LTNIG,AUG,2024,2020-11-26 07:15:04,667
668,26,THU,20,38,MORN,NOV,2023,2024-01-29 06:34:15,668
669,8,FRI,3,3,SUNS,JUN,2025,2024-06-22 22:25:11,669
670,18,SUN,13,3,CRKD,MAR,2022,2024-11-19 12:47:57,670
671,9,SAT,19,51,SUNS,OCT,2022,2021-04-12 23:10:46,671
672,31,WED,16,41,SUNS,JAN,2021,2024-10-25 17:30:15,672
673,1,SAT,8,24,CRKD,APR,2021,2023-07-12 21:26:05,673
674,20,SUN,19,59,CRKD,AUG,2022,2024-01-02 02:14:58,674
675,26,THU,6,4,EVEN,JUN,2025,2020-10-03 20:57:15,675
676,6,MON,2,6,SUNR,MAY,2025,2024-11-29 21:32:45,676
677,17,THU,4,5,DUSK,JUN,2023,2023-04-07 22:12:17,677
678,30,THU,2,29,CRKD,OCT,2020,2023-05-02 21:10:44,678
679,17,TUE,7,50,AFTER,DEC,2023,2022-03-26 11:45:24,679
680,16,FRI,1,33,MIDNG,MAR,2021,2022-08-03 17:55:50,680
681,27,SUN,6,8,AFTER,DEC,2025,2024-08-31 00:48:44,681
682,19,FRI,8,29,MORN,JUL,2021,2024-09-18 16:38:47,682
683,29,MON,13,21,MIDD,JUN,2023,2022-04-09 02:04:45,683
684,15,WED,23,15,SUNS,NOV,2021,2022-10-23 20:24:09,684
685,28,THU,14,21,MORN,SEP,2025,2023-06-08 17:53:29,685
686,4,TUE,12,16,AFTER,NOV,2024,2023-11-05 04:09:12,686
687,8,FRI,18,50,CRKD,MAR,2020,2022-06-30 01:04:40,687
688,20,SUN,5,51,DUSK,JAN,2025,2022-03-02 09:54:06,688
689,13,SUN,11,38,EVEN,JUN,2024,2023-05-09 06:58:56,689
690,30,MON,9,7,MIDNG,OCT,2021,2024-01-18 02:23:01,690
691,10,FRI,21,36,MIDNG,JUN,2025,2022-04-22 23:14:05,691
692,20,MON,8,7,TWIL,DEC,2025,2022-02-21 14:54:42,692
693,17,TUE,4,10,SUNS,DEC,2020,2023-09-02 23:18:52,693
694,18,SUN,13,4,TWIL,OCT,2023,2021-07-12 20:06:45,694
695,12,WED,22,57,DUSK,APR,2025,2021-09-01 17:13:11,695
696,1,THU,1,41,DUSK,APR,2021,2021-11-26 20:45:02,696
697,13,FRI,1,23,SUNR,OCT,2022,2023-01-22 16:48:44,697
698,17,WED,22,12,TWIL,OCT,2024,2021-09-13 14:51:06,698
699,19,TUE,4,45,AFTER,MAR,2021,2024-08-22 06:56:32,699
700,23,SAT,11,33,LTNIG,AUG,2023,2022-09-02 02:38:40,700
701,26,THU,21,21,TWIL,NOV,2025,2021-08-12 20:50:38,701
702,4,THU,13,37,MORN,OCT,2022,2023-03-13 14:23:56,702
703,9,SAT,15,14,EVEN,AUG,2020,2022-05-02 06:13:06,703
704,27,SUN,15,19,MIDD,FEB,2020,2023-12-12 02:11:28,704
705,26,SUN,18,11,TWIL,AUG,2021,2023-11-03 08:11:11,705
706,3,MON,22,14,TWIL,SEP,2021,2021-12-30 15:13:50,706
707,3,SAT,13,19,MIDD,AUG,2021,2024-01-09 21:21:19,707
708,25,WED,15,17,EVEN,JUN,2024,2022-04-12 02:28:09,708
709,25,SAT,21,33,LTNIG,JAN,2021,2021-01-03 21:38:23,709
710,12,WED,10,41,MIDNG,MAY,2023,2021-09-22 10:57:04,710
711,9,SUN,15,36,CRKD,MAR,2021,2022-10-16 04:37:47,711
712,5,THU,19,23,MIDNG,MAY,2025,2023-05-01 21:01:00,712
713,24,SUN,13,20,LTNIG,MAR,2023,2022-04-24 21:46:27,713
714,17,TUE,16,54,SUNS,FEB,2024,2021-01-04 20:22:34,714
715,1,THU,8,36,SUNR,JUL,2020,2022-08-02 06:00:34,715
716,10,WED,20,3,MIDNG,OCT,2021,2022-03-26 10:25:25,716
717,8,MON,6,52,MORN,MAY,2022,2020-10-11 22:25:37,717
718,11,THU,8,47,SUNS,MAR,2022,2024-05-28 20:51:36,718
719,30,MON,12,46,TWIL,JAN,2021,2022-03-30 04:04:17,719
720,12,TUE,17,12,CRKD,FEB,2021,2022-12-03 16:40:00,720
721,29,THU,11,40,MIDD,SEP,2022,2024-02-18 06:09:00,721
722,12,TUE,14,12,EVEN,NOV,2020,2023-07-08 18:03:49,722
723,11,FRI,22,26,MIDNG,JUN,2021,2022-03-29 16:28:56,723
724,2,THU,12,59,AFTER,DEC,2021,2022-10-14 09:10:59,724
725,25,TUE,12,13,SUNS,SEP,2022,2022-07-03 04:26:52,725
726,5,MON,20,23,SUNR,JAN,2023,2024-10-06 02:31:44,726
727,21,SUN,4,8,MORN,NOV,2023,2024-01-14 04:57:20,727
728,20,WED,16,31,TWIL,NOV,2025,2022-06-07 04:24:46,728
729,26,THU,13,10,NIGHT,MAR,2021,2021-11-01 04:25:24,729
730,10,WED,2,23,TWIL,MAY,2020,2021-09-30 14:32:00,730
731,27,WED,17,47,SUNS,JUN,2021,2023-02-06 17:36:39,731
732,15,SUN,19,32,TWIL,OCT,2021,2023-10-31 12:54:36,732
733,16,SAT,18,13,DUSK,MAR,2022,2024-12-08 22:50:14,733
734,27,TUE,11,18,SUNS,JUL,2025,2022-07-14 23:13:07,734
735,13,TUE,10,35,DUSK,MAY,2023,2023-07-01 10:53:35,735
736,1,MON,7,7,EVEN,APR,2020,2024-02-14 03:35:44,736
737,23,WED,8,31,CRKD,JUN,2021,2024-05-08 21:37:58,737
738,7,TUE,1,39,LTNIG,JUL,2023,2021-04-09 02:12:45,738
739,5,SUN,18,18,AFTER,FEB,2022,2021-03-18 09:45:50,739
740,19,SAT,11,27,SUNS,MAR,2020,2023-03-17 13:03:25,740
741,3,THU,8,26,AFTER,OCT,2025,2022-12-09 21:28:03,741
742,17,FRI,9,16,NIGHT,JUN,2021,2023-08-25 18:35:49,742
743,17,SUN,12,17,DUSK,MAY,2024,2021-02-22 03:35:56,743
744,29,MON,8,58,MORN,MAY,2024,2022-11-13 20:26:38,744
745,10,TUE,17,38,EVEN,MAR,2023,2021-11-16 18:06:27,745
746,18,WED,23,27,SUNS,APR,2020,2020-11-10 14:12:56,746
747,8,MON,3,38,SUNS,MAR,2020,2021-01-13 15:08:39,747
748,11,SUN,4,36,MIDD,JUN,2022,2020-12-25 13:37:26,748
749,24,SUN,14,41,AFTER,SEP,2025,2023-08-25 06:17:36,749
750,1,TUE,7,2,SUNS,MAR,2022,2022-09-13 22:59:21,750
751,4,SUN,6,20,DUSK,AUG,2021,2023-06-26 07:36:24,751
752,14,THU,19,11,SUNR,MAY,2025,2022-01-14 19:14:08,752
753,16,TUE,3,2,AFTER,JUL,2021,2023-05-26 21:58:01,753
754,21,TUE,6,11,MORN,MAR,2020,2023-07-04 11:19:35,754
755,4,THU,10,22,SUNS,FEB,2023,2024-07-16 18:47:55,755
756,7,SUN,5,8,SUNS,JUL,2021,2021-09-18 18:42:47,756
757,1,FRI,5,7,MIDNG,NOV,2020,2024-11-24 23:21:26,757
758,30,TUE,23,51,MIDNG,OCT,2021,2021-11-30 05:20:02,758
759,16,FRI,21,26,MORN,MAY,2024,2024-03-19 23:21:02,759
760,15,THU,11,7,MORN,AUG,2022,2021-04-13 01:37:26,760
761,19,SAT,24,36,MIDD,JAN,2021,2021-03-15 22:26:22,761
762,21,FRI,6,23,EVEN,JUN,2023,2021-08-05 07:09:02,762
763,11,MON,6,22,EVEN,MAY,2025,2021-11-23 15:14:37,763
764,13,SUN,11,8,TWIL,MAY,2020,2022-03-23 22:35:03,764
765,8,TUE,2,4,LTNIG,JUN,2020,2023-06-02 02:48:10,765
766,7,MON,12,6,SUNS,APR,2020,2024-06-20 03:11:55,766
767,15,FRI,24,44,SUNS,JAN,2024,2022-04-28 05:34:16,767
768,10,FRI,13,20,EVEN,SEP,2020,2022-07-04 19:55:58,768
769,18,SAT,7,35,DUSK,FEB,2021,2024-05-26 17:47:21,769
770,2,MON,18,17,MORN,JUL,2023,2021-12-17 03:46:20,770
771,8,TUE,14,37,SUNR,DEC,2025,2022-01-22 21:28:28,771
772,8,THU,5,21,LTNIG,MAY,2021,2024-04-02 14:26:51,772
773,25,SAT,4,18,LTNIG,DEC,2020,2022-08-07 10:37:42,773
774,1,SUN,7,34,CRKD,MAR,2024,2023-03-31 19:40:12,774
775,16,TUE,9,54,EVEN,OCT,2025,2022-03-22 01:59:12,775
776,31,THU,12,27,DUSK,NOV,2020,2022-04-14 21:07:43,776
777,1,THU,22,23,AFTER,JUN,2022,2022-06-18 03:12:39,777
778,15,MON,6,55,DUSK,APR,2023,2024-08-06 05:15:06,778
779,24,FRI,21,49,CRKD,JAN,2022,2021-05-08 22:04:48,779
780,26,SUN,21,46,MIDNG,NOV,2023,2023-02-11 02:14:39,780
781,21,SAT,15,43,MORN,JUL,2024,2023-05-25 04:03:03,781
782,12,THU,11,23,MORN,NOV,2023,2024-08-18 21:08:35,782
783,16,MON,1,11,SUNS,JUL,2022,2021-03-30 15:09:54,783
784,8,WED,9,4,CRKD,SEP,2023,2021-11-20 23:57:54,784
785,11,MON,5,17,MIDD,JUL,2024,2021-03-04 10:19:48,785
786,31,WED,19,13,CRKD,JUL,2022,2022-01-11 04:17:27,786
787,20,SUN,6,53,SUNS,JUN,2022,2020-12-07 17:46:42,787
788,26,SAT,8,53,AFTER,JUN,2024,2024-09-02 09:02:15,788
789,4,SAT,8,19,CRKD,DEC,2020,2023-11-17 13:25:15,789
790,26,MON,17,10,NIGHT,SEP,2021,2023-05-20 21:03:15,790
791,25,WED,16,15,DUSK,OCT,2020,2021-10-12 01:25:30,791
792,22,TUE,6,48,MIDD,JUL,2020,2023-07-31 21:20:32,792
793,25,SUN,13,58,DUSK,OCT,2020,2021-01-14 18:21:32,793
794,9,SAT,24,59,NIGHT,JAN,2022,2022-05-21 08:54:21,794
795,13,FRI,17,24,MORN,APR,2022,2021-07-09 18:37:12,795
796,21,TUE,16,58,SUNR,DEC,2025,2023-10-20 23:31:05,796
797,28,SUN,24,10,MIDD,FEB,2025,2024-06-12 03:37:39,797
798,18,SUN,6,5,SUNS,MAY,2025,2024-02-07 21:28:27,798
799,20,THU,7,33,AFTER,NOV,2025,2024-05-14 04:00:24,799
800,30,THU,1,28,CRKD,JUN,2023,2021-07-05 06:23:27,800
801,6,MON,14,35,EVEN,OCT,2023,2022-02-15 11:34:56,801
802,22,FRI,23,56,MIDNG,NOV,2021,2021-01-12 05:44:15,802
803,11,WED,18,42,EVEN,DEC,2021,2023-06-09 07:13:54,803
804,31,SAT,12,55,CRKD,OCT,2021,2024-02-03 12:10:09,804
805,6,FRI,19,4,TWIL,OCT,2023,2021-04-15 02:57:07,805
806,8,SUN,19,2,SUNS,DEC,2022,2022-03-13 23:11:43,806
807,12,MON,13,1,MIDNG,JAN,2021,2022-08-13 17:33:14,807
808,13,MON,23,28,MIDNG,JAN,2025,2023-07-17 09:26:05,808
809,30,WED,17,17,MORN,JAN,2023,2023-06-05 03:44:01,809
810,11,MON,9,59,NIGHT,NOV,2022,2024-07-01 03:57:47,810
811,25,THU,11,18,LTNIG,SEP,2022,2023-10-11 22:01:01,811
812,14,SUN,7,57,DUSK,JAN,2023,2021-05-08 00:01:30,812
813,18,SUN,8,14,DUSK,APR,2022,2022-12-30 07:04:59,813
814,21,SAT,7,54,NIGHT,DEC,2021,2023-12-23 23:27:46,814
815,25,THU,7,37,CRKD,AUG,2025,2023-05-27 15:16:37,815
816,24,WED,19,36,MIDNG,JUN,2025,2022-09-17 22:36:49,816
817,6,THU,21,10,MIDD,DEC,2023,2023-08-03 05:55:16,817
818,9,WED,23,53,SUNS,SEP,2025,2022-06-02 02:56:16,818
819,26,FRI,21,54,SUNR,SEP,2020,2022-06-02 06:31:44,819
820,14,SAT,21,20,MIDD,JUL,2020,2023-05-20 23:20:06,820
821,11,FRI,7,9,CRKD,FEB,2024,2020-12-01 08:51:35,821
822,15,TUE,20,3,CRKD,DEC,2023,2021-10-22 07:29:52,822
823,9,THU,19,59,NIGHT,FEB,2025,2022-04-11 12:53:22,823
824,3,THU,19,22,SUNS,DEC,2024,2022-08-02 19:41:22,824
825,25,MON,5,12,MIDNG,FEB,2021,2020-10-29 02:01:28,825
826,16,WED,22,32,LTNIG,JAN,2024,2021-09-07 16:46:34,826
827,9,MON,8,51,EVEN,DEC,2024,2020-11-06 11:21:07,827
828,25,SUN,14,45,TWIL,MAY,2024,2021-10-17 02:08:49,828
829,18,THU,12,47,MIDNG,FEB,2024,2023-08-12 04:31:33,829
830,9,TUE,14,0,MIDNG,MAY,2021,2021-08-06 04:36:08,830
831,13,SUN,11,8,AFTER,MAY,2020,2023-07-31 10:36:41,831
832,17,TUE,11,40,AFTER,JAN,2023,2021-10-01 07:03:04,832
833,18,TUE,16,42,DUSK,MAR,2023,2024-03-04 21:50:27,833
834,29,FRI,15,38,SUNS,JUL,2023,2023-09-06 00:07:48,834
835,30,WED,9,45,MIDD,APR,2022,2023-10-24 19:46:51,835
836,19,MON,16,0,EVEN,APR,2023,2023-02-20 20:38:20,836
837,14,THU,9,32,AFTER,FEB,2023,2020-12-03 03:39:20,837
838,7,MON,8,24,DUSK,APR,2024,2021-01-24 21:37:53,838
839,9,THU,23,51,CRKD,MAR,2023,2024-08-27 22:36:28,839
840,7,FRI,7,13,AFTER,JUN,2021,2024-12-07 05:35:25,840
841,6,WED,8,43,AFTER,JAN,2020,2022-04-02 17:21:26,841
842,18,FRI,13,17,NIGHT,OCT,2024,2021-10-31 20:47:42,842
843,15,TUE,10,3,NIGHT,MAR,2021,2024-09-11 19:38:51,843
844,22,MON,10,33,SUNR,JAN,2025,2023-02-20 19:38:31,844
845,16,WED,8,40,CRKD,FEB,2022,2024-01-18 13:12:05,845
846,27,MON,5,21,AFTER,JUL,2025,2024-03-31 08:49:16,846
847,18,FRI,24,48,SUNR,JAN,2024,2024-11-01 11:03:23,847
848,14,SAT,17,52,DUSK,DEC,2020,2021-03-02 07:35:55,848
849,6,MON,21,2,MIDD,NOV,2021,2022-07-05 08:40:10,849
850,7,FRI,1,7,SUNR,NOV,2025,2022-07-21 04:37:18,850
851,15,THU,4,23,TWIL,JUN,2025,2024-05-22 18:07:05,851
852,1,SUN,15,20,MIDD,FEB,2020,2024-03-19 15:32:15,852
853,29,FRI,4,30,SUNS,AUG,2025,2021-01-19 20:56:35,853
854,11,SUN,23,47,EVEN,SEP,2024,2021-02-10 10:50:27,854
855,3,SUN,4,42,MORN,OCT,2020,2023-12-30 05:58:54,855
856,31,TUE,5,25,EVEN,JUL,2023,2022-11-11 17:08:17,856
857,14,TUE,6,11,NIGHT,APR,2022,2023-09-15 14:51:32,857
858,26,SUN,9,23,LTNIG,MAR,2020,2024-03-03 20:36:29,858
859,23,THU,15,54,CRKD,AUG,2020,2022-10-03 07:32:37,859
860,8,TUE,21,31,SUNR,FEB,2023,2023-01-09 08:58:20,860
861,28,THU,1,21,NIGHT,NOV,2023,2024-07-08 14:42:08,861
862,22,TUE,5,44,MIDD,JUN,2025,2022-06-30 11:15:50,862
863,26,SUN,1,56,MIDNG,JUL,2025,2023-12-02 07:52:40,863
864,27,WED,9,17,SUNS,NOV,2021,2022-04-29 18:12:15,864
865,29,FRI,13,50,MIDNG,JAN,2024,2024-09-11 09:40:32,865
866,14,THU,8,32,MIDNG,APR,2024,2023-04-20 23:09:56,866
867,28,MON,2,12,SUNR,SEP,2025,2024-04-18 13:06:49,867
868,15,SAT,15,44,NIGHT,DEC,2023,2022-10-28 03:38:44,868
869,31,WED,5,48,CRKD,JAN,2024,2022-08-07 15:50:35,869
870,10,THU,15,2,NIGHT,MAY,2025,2023-10-18 13:06:17,870
871,19,MON,14,23,CRKD,FEB,2024,2021-08-21 08:44:02,871
872,24,SUN,5,28,EVEN,APR,2024,2022-03-23 04:22:00,872
873,9,WED,9,27,SUNR,JUN,2024,2021-02-17 13:57:48,873
874,25,MON,7,19,CRKD,JUN,2024,2022-07-17 11:01:40,874
875,6,TUE,21,25,MIDNG,JUL,2022,2021-02-08 05:10:02,875
876,3,WED,3,0,MORN,APR,2023,2022-07-14 07:36:32,876
877,20,SAT,3,25,NIGHT,JUL,2025,2022-01-26 09:33:21,877
878,29,SUN,19,48,CRKD,FEB,2024,2022-08-12 15:51:37,878
879,21,TUE,18,2,NIGHT,FEB,2023,2024-05-21 14:32:14,879
880,11,FRI,1,32,MORN,NOV,2025,2022-04-18 02:47:54,880
881,29,SAT,13,32,CRKD,AUG,2025,2024-03-22 16:42:21,881
882,27,WED,24,38,SUNS,FEB,2024,2024-10-27 10:26:45,882
883,21,THU,1,40,SUNS,JAN,2022,2021-12-04 11:48:34,883
884,17,THU,14,44,MIDD,SEP,2022,2023-10-04 03:00:08,884
885,4,MON,13,41,EVEN,JUL,2021,2021-10-23 23:18:22,885
886,11,SAT,14,30,NIGHT,APR,2023,2022-04-08 19:36:19,886
887,28,SAT,24,28,MIDNG,AUG,2023,2021-09-14 11:36:56,887
888,15,TUE,13,20,TWIL,JAN,2022,2022-06-08 02:14:50,888
889,19,MON,15,49,AFTER,OCT,2021,2021-10-26 11:47:41,889
890,1,THU,1,28,NIGHT,NOV,2020,2021-10-25 00:19:05,890
891,18,SAT,22,12,MORN,JAN,2025,2022-05-30 01:34:24,891
892,4,TUE,10,3,LTNIG,DEC,2021,2023-04-07 12:35:00,892
893,30,SAT,18,6,MIDD,JAN,2022,2023-10-27 21:49:47,893
894,29,SAT,6,10,AFTER,MAY,2023,2024-08-18 20:38:16,894
895,7,TUE,3,10,TWIL,OCT,2022,2022-05-25 13:59:10,895
896,22,THU,9,54,MIDNG,NOV,2020,2022-04-01 04:31:13,896
897,25,MON,11,51,MORN,JUL,2025,2022-12-07 17:36:47,897
898,18,SUN,3,44,DUSK,DEC,2024,2023-12-30 22:16:09,898
899,11,MON,17,49,SUNR,JAN,2020,2023-07-14 16:30:44,899
900,1,SUN,6,10,SUNR,DEC,2023,2023-03-20 21:09:59,900
901,23,SAT,3,24,LTNIG,MAR,2025,2023-09-27 10:16:50,901
902,19,MON,6,54,MIDD,APR,2022,2024-02-19 08:37:51,902
903,21,WED,9,15,LTNIG,SEP,2021,2022-10-24 19:33:53,903
904,30,FRI,13,5,AFTER,OCT,2024,2021-01-01 20:58:06,904
905,20,MON,13,1,CRKD,AUG,2023,2021-11-10 16:35:08,905
906,5,TUE,21,20,DUSK,FEB,2023,2022-02-15 02:55:20,906
907,20,SUN,9,49,SUNR,JUL,2025,2024-02-15 06:00:18,907
908,10,FRI,8,21,MIDD,JUL,2020,2020-12-06 16:36:00,908
909,20,THU,4,59,SUNS,JUN,2023,2024-11-04 03:57:10,909
910,4,TUE,5,29,MORN,JUL,2021,2024-06-27 05:54:18,910
911,10,TUE,22,24,DUSK,AUG,2024,2024-02-25 09:08:57,911
912,19,THU,21,30,EVEN,MAR,2024,2022-04-30 16:32:08,912
913,15,SUN,4,2,MIDNG,APR,2025,2022-02-04 23:43:50,913
914,20,SAT,3,48,MIDNG,APR,2023,2021-02-04 01:58:12,914
915,20,MON,12,2,TWIL,JUN,2020,2023-03-31 03:38:46,915
916,12,MON,2,28,MIDNG,AUG,2021,2024-09-24 03:21:44,916
917,3,SUN,7,46,LTNIG,NOV,2021,2021-04-19 06:23:14,917
918,12,SAT,24,15,AFTER,MAY,2022,2021-05-26 03:59:01,918
919,21,THU,7,17,MIDD,JAN,2024,2023-01-24 07:08:00,919
920,26,SUN,10,11,MORN,AUG,2022,2021-10-06 04:24:20,920
921,22,SUN,9,59,LTNIG,SEP,2024,2024-06-21 16:08:42,921
922,23,FRI,11,12,SUNR,JUN,2021,2023-10-02 11:46:25,922
923,17,FRI,7,22,TWIL,SEP,2024,2022-03-18 00:41:52,923
924,18,SAT,8,21,DUSK,JUL,2022,2023-08-22 05:53:11,924
925,18,MON,15,8,MIDNG,JAN,2023,2021-09-04 15:17:09,925
926,23,MON,8,16,TWIL,NOV,2025,2021-01-02 23:25:20,926
927,30,TUE,10,54,DUSK,FEB,2025,2024-07-13 17:53:00,927
928,2,MON,16,16,MIDNG,AUG,2021,2021-01-10 00:14:47,928
929,22,FRI,2,26,LTNIG,MAY,2022,2022-05-04 23:59:57,929
930,14,FRI,4,8,CRKD,NOV,2023,2022-06-01 08:45:46,930
931,2,SAT,15,59,MIDNG,OCT,2023,2024-03-08 11:10:34,931
932,9,THU,9,13,MORN,OCT,2020,2020-11-07 03:05:22,932
933,6,WED,8,26,CRKD,DEC,2020,2021-09-21 23:34:06,933
934,22,SUN,6,30,DUSK,APR,2025,2021-06-04 06:45:09,934
935,3,SAT,18,10,NIGHT,JUL,2022,2023-04-12 21:24:22,935
936,7,SAT,22,22,MIDD,SEP,2025,2022-03-21 13:57:43,936
937,15,TUE,24,30,EVEN,OCT,2021,2024-12-06 18:07:38,937
938,23,SAT,19,7,MIDD,SEP,2023,2022-10-22 14:03:13,938
939,29,SAT,23,10,DUSK,APR,2023,2021-04-14 23:26:01,939
940,20,WED,19,21,MIDNG,OCT,2024,2024-03-13 10:55:09,940
941,10,THU,15,27,NIGHT,FEB,2020,2023-11-02 08:45:37,941
942,28,TUE,13,15,EVEN,FEB,2021,2023-09-19 14:53:14,942
943,19,MON,10,57,EVEN,DEC,2025,2021-08-10 09:00:40,943
944,26,WED,16,45,DUSK,JUL,2021,2023-09-05 18:41:33,944
945,25,SAT,7,40,TWIL,SEP,2022,2023-12-11 22:31:51,945
946,14,SAT,19,0,MIDNG,AUG,2023,2020-10-30 12:36:55,946
947,31,SUN,20,31,CRKD,DEC,2023,2023-04-17 17:28:32,947
948,15,TUE,4,53,SUNR,DEC,2024,2021-04-19 00:23:48,948
949,13,TUE,7,17,SUNS,JUL,2021,2024-10-23 14:58:08,949
950,30,MON,14,38,MORN,AUG,2020,2022-11-29 16:30:55,950
951,24,TUE,19,46,SUNR,DEC,2025,2023-10-27 22:05:49,951
952,20,TUE,18,16,EVEN,NOV,2025,2021-03-13 06:34:15,952
953,13,MON,24,5,AFTER,MAR,2021,2021-08-05 02:33:47,953
954,8,MON,9,45,EVEN,JUL,2023,2023-09-08 18:48:15,954
955,1,SAT,4,15,MIDD,APR,2024,2024-07-24 03:49:08,955
956,18,WED,8,16,MIDD,JAN,2025,2022-05-29 01:00:47,956
957,16,THU,4,56,MIDD,DEC,2020,2024-03-04 08:45:05,957
958,19,MON,1,11,SUNS,APR,2020,2024-05-30 09:08:42,958
959,14,SAT,9,27,LTNIG,FEB,2025,2022-10-30 04:30:49,959
960,3,SUN,24,56,CRKD,AUG,2021,2022-08-07 22:58:02,960
961,15,FRI,23,5,CRKD,APR,2025,2024-05-29 10:26:27,961
962,29,SAT,13,34,DUSK,JAN,2021,2022-09-28 20:00:01,962
963,21,SUN,12,39,CRKD,AUG,2020,2022-10-18 10:21:15,963
964,8,SAT,1,41,MIDNG,JUL,2020,2021-06-27 10:06:52,964
965,16,MON,12,42,SUNR,SEP,2020,2021-10-16 14:00:19,965
966,8,FRI,14,27,SUNR,JUN,2022,2023-05-18 14:45:44,966
967,23,MON,23,13,CRKD,JAN,2021,2024-06-18 03:07:48,967
968,29,SAT,14,20,CRKD,DEC,2021,2021-11-30 12:22:16,968
969,26,WED,22,45,MIDD,AUG,2021,2023-11-02 03:48:04,969
970,13,FRI,12,48,MORN,JAN,2022,2022-10-30 05:53:34,970
971,16,THU,6,12,SUNR,JUN,2022,2023-02-04 05:17:21,971
972,2,WED,6,6,LTNIG,FEB,2025,2024-09-15 02:14:13,972
973,9,WED,22,20,NIGHT,JAN,2024,2023-02-25 07:04:53,973
974,30,FRI,4,39,AFTER,MAY,2023,2021-09-05 01:55:06,974
975,29,SUN,21,45,AFTER,MAY,2024,2021-06-02 02:38:12,975
976,30,TUE,15,7,CRKD,MAY,2024,2022-06-25 01:49:56,976
977,31,FRI,13,17,MIDD,JUN,2025,2023-04-23 12:32:09,977
978,13,SUN,4,24,CRKD,OCT,2020,2022-06-23 13:13:45,978
979,29,WED,1,6,NIGHT,FEB,2024,2023-08-25 17:07:59,979
980,5,FRI,1,47,LTNIG,SEP,2023,2024-05-02 04:17:26,980
981,23,FRI,20,14,CRKD,NOV,2021,2024-02-25 21:01:18,981
982,8,THU,9,24,CRKD,JUN,2021,2024-05-11 07:00:01,982
983,2,MON,9,29,MIDD,DEC,2023,2021-07-15 08:44:55,983
984,31,FRI,11,46,CRKD,AUG,2023,2023-06-08 17:27:22,984
985,4,THU,16,27,TWIL,MAR,2023,2021-05-11 06:13:55,985
986,16,THU,18,35,MORN,OCT,2024,2022-11-16 18:27:38,986
987,31,SUN,20,34,DUSK,JAN,2023,2022-05-29 20:57:16,987
988,28,THU,6,34,AFTER,MAR,2021,2023-07-10 07:34:19,988
989,10,MON,19,17,EVEN,DEC,2023,2022-08-18 10:08:12,989
990,4,THU,7,58,MORN,JUL,2021,2023-08-14 08:55:24,990
991,2,MON,11,32,EVEN,JUN,2025,2024-08-31 04:22:13,991
992,12,SAT,21,23,NIGHT,JAN,2024,2022-06-11 20:07:58,992
993,1,SUN,2,11,AFTER,MAY,2024,2021-06-25 12:44:06,993
994,22,FRI,14,28,MIDNG,JAN,2021,2020-12-23 17:10:32,994
995,12,WED,18,52,TWIL,NOV,2025,2022-03-07 23:08:05,995
996,20,MON,12,2,NIGHT,MAY,2023,2021-12-16 09:41:42,996
997,22,TUE,19,35,MIDD,OCT,2025,2024-09-28 03:15:38,997
998,6,SAT,11,28,DUSK,JUL,2023,2022-08-24 18:08:17,998
999,31,SUN,10,44,LTNIG,JUL,2025,2024-04-06 04:23:00,999
1000,3,THU,23,10,DUSK,MAY,2023,2023-03-07 03:24:08,1000
